school_id,school_name,district_id,district_name,year,date_submitted,subject_changed,avg_math_score,avg_income_2005,avg_income_2015
1,School_1,4,District_4,2000,,none,74.36371788318097,72184.2388512642,60919.75924478789
1,School_1,4,District_4,2001,,none,74.59319502785534,72184.2388512642,60919.75924478789
1,School_1,4,District_4,2002,,none,75.54455153629505,72184.2388512642,60919.75924478789
1,School_1,4,District_4,2003,,none,79.49204125083165,72184.2388512642,60919.75924478789
1,School_1,4,District_4,2004,,none,73.42722421809277,72184.2388512642,60919.75924478789
1,School_1,4,District_4,2005,,none,78.84967686310108,72184.2388512642,60919.75924478789
1,School_1,4,District_4,2006,,none,72.63528170292145,72184.2388512642,60919.75924478789
1,School_1,4,District_4,2007,,none,75.4603689032714,72184.2388512642,60919.75924478789
1,School_1,4,District_4,2008,,none,74.32365545245413,72184.2388512642,60919.75924478789
1,School_1,4,District_4,2009,1243814400000000000,math,77.11798715263599,72184.2388512642,60919.75924478789
1,School_1,4,District_4,2010,,none,76.4006128025305,72184.2388512642,60919.75924478789
1,School_1,4,District_4,2011,,none,76.20222130623253,72184.2388512642,60919.75924478789
1,School_1,4,District_4,2012,,none,74.03993177116351,72184.2388512642,60919.75924478789
1,School_1,4,District_4,2013,,none,70.8148400307404,72184.2388512642,60919.75924478789
1,School_1,4,District_4,2014,,none,74.16233310955549,72184.2388512642,60919.75924478789
1,School_1,4,District_4,2015,,none,75.28083626072416,72184.2388512642,60919.75924478789
1,School_1,4,District_4,2016,,none,75.00605526119988,72184.2388512642,60919.75924478789
1,School_1,4,District_4,2017,,none,76.51429860239382,72184.2388512642,60919.75924478789
1,School_1,4,District_4,2018,,none,78.86951329767051,72184.2388512642,60919.75924478789
1,School_1,4,District_4,2019,,none,75.83017771331214,72184.2388512642,60919.75924478789
2,School_2,12,District_12,2000,,none,71.89764104681154,56274.16197143795,58490.06422577697
2,School_2,12,District_12,2001,,none,71.05846777405459,56274.16197143795,58490.06422577697
2,School_2,12,District_12,2002,,none,73.10697587608078,56274.16197143795,58490.06422577697
2,School_2,12,District_12,2003,,none,71.82490433321696,56274.16197143795,58490.06422577697
2,School_2,12,District_12,2004,,none,72.26031566522495,56274.16197143795,58490.06422577697
2,School_2,12,District_12,2005,,none,74.38001796933662,56274.16197143795,58490.06422577697
2,School_2,12,District_12,2006,,none,71.21607291373499,56274.16197143795,58490.06422577697
2,School_2,12,District_12,2007,,none,70.22017978696083,56274.16197143795,58490.06422577697
2,School_2,12,District_12,2008,,none,71.65468300730014,56274.16197143795,58490.06422577697
2,School_2,12,District_12,2009,,none,73.03458894553482,56274.16197143795,58490.06422577697
2,School_2,12,District_12,2010,,none,71.76495782534846,56274.16197143795,58490.06422577697
2,School_2,12,District_12,2011,,none,72.88338146893912,56274.16197143795,58490.06422577697
2,School_2,12,District_12,2012,,none,69.42415465666292,56274.16197143795,58490.06422577697
2,School_2,12,District_12,2013,,none,69.02593586048732,56274.16197143795,58490.06422577697
2,School_2,12,District_12,2014,,none,69.67202908060212,56274.16197143795,58490.06422577697
2,School_2,12,District_12,2015,,none,68.22733970827163,56274.16197143795,58490.06422577697
2,School_2,12,District_12,2016,,none,70.98270346856314,56274.16197143795,58490.06422577697
2,School_2,12,District_12,2017,,none,69.90205353959647,56274.16197143795,58490.06422577697
2,School_2,12,District_12,2018,,none,73.22252701858505,56274.16197143795,58490.06422577697
2,School_2,12,District_12,2019,,none,68.17965558690136,56274.16197143795,58490.06422577697
3,School_3,15,District_15,2000,,none,70.10285912541457,46200.65733989574,67083.06250206723
3,School_3,15,District_15,2001,,none,65.03061310166626,46200.65733989574,67083.06250206723
3,School_3,15,District_15,2002,,none,64.51655206984466,46200.65733989574,67083.06250206723
3,School_3,15,District_15,2003,,none,65.34371111683922,46200.65733989574,67083.06250206723
3,School_3,15,District_15,2004,,none,70.89557394361287,46200.65733989574,67083.06250206723
3,School_3,15,District_15,2005,,none,66.91284349739536,46200.65733989574,67083.06250206723
3,School_3,15,District_15,2006,,none,68.05188479544897,46200.65733989574,67083.06250206723
3,School_3,15,District_15,2007,,none,66.62523029668533,46200.65733989574,67083.06250206723
3,School_3,15,District_15,2008,,none,66.81285650578096,46200.65733989574,67083.06250206723
3,School_3,15,District_15,2009,,none,65.98125366567278,46200.65733989574,67083.06250206723
3,School_3,15,District_15,2010,,none,67.0945016898519,46200.65733989574,67083.06250206723
3,School_3,15,District_15,2011,,none,67.98221355590479,46200.65733989574,67083.06250206723
3,School_3,15,District_15,2012,,none,70.34962479178716,46200.65733989574,67083.06250206723
3,School_3,15,District_15,2013,,none,63.24407602242234,46200.65733989574,67083.06250206723
3,School_3,15,District_15,2014,,none,70.21465439092637,46200.65733989574,67083.06250206723
3,School_3,15,District_15,2015,1433116800000000000,math,69.4238986569474,46200.65733989574,67083.06250206723
3,School_3,15,District_15,2016,,none,66.25748820683532,46200.65733989574,67083.06250206723
3,School_3,15,District_15,2017,,none,65.89756680622271,46200.65733989574,67083.06250206723
3,School_3,15,District_15,2018,,none,69.08036506287887,46200.65733989574,67083.06250206723
3,School_3,15,District_15,2019,,none,67.45097084851845,46200.65733989574,67083.06250206723
4,School_4,12,District_12,2000,,none,62.698797978278165,56274.16197143795,58490.06422577697
4,School_4,12,District_12,2001,,none,66.49306742235063,56274.16197143795,58490.06422577697
4,School_4,12,District_12,2002,,none,68.05567128662538,56274.16197143795,58490.06422577697
4,School_4,12,District_12,2003,,none,67.48265753325295,56274.16197143795,58490.06422577697
4,School_4,12,District_12,2004,,none,64.5132124765997,56274.16197143795,58490.06422577697
4,School_4,12,District_12,2005,,none,63.0829136075693,56274.16197143795,58490.06422577697
4,School_4,12,District_12,2006,,none,65.11498193371304,56274.16197143795,58490.06422577697
4,School_4,12,District_12,2007,,none,72.27489846785123,56274.16197143795,58490.06422577697
4,School_4,12,District_12,2008,,none,62.67693031848202,56274.16197143795,58490.06422577697
4,School_4,12,District_12,2009,,none,64.08145802270218,56274.16197143795,58490.06422577697
4,School_4,12,District_12,2010,,none,66.55101199514121,56274.16197143795,58490.06422577697
4,School_4,12,District_12,2011,,none,65.51787772048866,56274.16197143795,58490.06422577697
4,School_4,12,District_12,2012,,none,65.36651842421388,56274.16197143795,58490.06422577697
4,School_4,12,District_12,2013,,none,69.81637021167803,56274.16197143795,58490.06422577697
4,School_4,12,District_12,2014,1401580800000000000,math,67.15258784123654,56274.16197143795,58490.06422577697
4,School_4,12,District_12,2015,,none,65.73836712026583,56274.16197143795,58490.06422577697
4,School_4,12,District_12,2016,,none,66.17074309928161,56274.16197143795,58490.06422577697
4,School_4,12,District_12,2017,,none,64.15745484552502,56274.16197143795,58490.06422577697
4,School_4,12,District_12,2018,,none,62.88562273806238,56274.16197143795,58490.06422577697
4,School_4,12,District_12,2019,,none,66.3055635241811,56274.16197143795,58490.06422577697
5,School_5,7,District_7,2000,,none,77.70809676616466,72633.70252405913,67742.23699513465
5,School_5,7,District_7,2001,,none,74.8899294046419,72633.70252405913,67742.23699513465
5,School_5,7,District_7,2002,,none,74.26090878837017,72633.70252405913,67742.23699513465
5,School_5,7,District_7,2003,,none,74.2462244860078,72633.70252405913,67742.23699513465
5,School_5,7,District_7,2004,,none,73.56392814277197,72633.70252405913,67742.23699513465
5,School_5,7,District_7,2005,,none,76.44772825468885,72633.70252405913,67742.23699513465
5,School_5,7,District_7,2006,,none,73.06987906682312,72633.70252405913,67742.23699513465
5,School_5,7,District_7,2007,1180656000000000000,math,74.05063429330721,72633.70252405913,67742.23699513465
5,School_5,7,District_7,2008,,none,70.91745576317776,72633.70252405913,67742.23699513465
5,School_5,7,District_7,2009,,none,74.23878164289496,72633.70252405913,67742.23699513465
5,School_5,7,District_7,2010,,none,76.20214854076745,72633.70252405913,67742.23699513465
5,School_5,7,District_7,2011,,none,74.55573411765073,72633.70252405913,67742.23699513465
5,School_5,7,District_7,2012,,none,73.44602604386556,72633.70252405913,67742.23699513465
5,School_5,7,District_7,2013,,none,74.9976462075308,72633.70252405913,67742.23699513465
5,School_5,7,District_7,2014,,none,74.4531883021961,72633.70252405913,67742.23699513465
5,School_5,7,District_7,2015,,none,75.73314456171538,72633.70252405913,67742.23699513465
5,School_5,7,District_7,2016,,none,76.73377138928039,72633.70252405913,67742.23699513465
5,School_5,7,District_7,2017,,none,72.17198335726086,72633.70252405913,67742.23699513465
5,School_5,7,District_7,2018,,none,69.40157048712005,72633.70252405913,67742.23699513465
5,School_5,7,District_7,2019,,none,73.37769001716595,72633.70252405913,67742.23699513465
6,School_6,12,District_12,2000,,none,70.31985352315476,56274.16197143795,58490.06422577697
6,School_6,12,District_12,2001,,none,74.02245283078392,56274.16197143795,58490.06422577697
6,School_6,12,District_12,2002,,none,70.9098688669407,56274.16197143795,58490.06422577697
6,School_6,12,District_12,2003,,none,68.60697918050701,56274.16197143795,58490.06422577697
6,School_6,12,District_12,2004,,none,71.21013356001954,56274.16197143795,58490.06422577697
6,School_6,12,District_12,2005,,none,69.3745878067172,56274.16197143795,58490.06422577697
6,School_6,12,District_12,2006,,none,75.53885189565659,56274.16197143795,58490.06422577697
6,School_6,12,District_12,2007,,none,73.30182036653103,56274.16197143795,58490.06422577697
6,School_6,12,District_12,2008,1212278400000000000,math,75.24789794500937,56274.16197143795,58490.06422577697
6,School_6,12,District_12,2009,,none,73.43058952744461,56274.16197143795,58490.06422577697
6,School_6,12,District_12,2010,,none,74.03887877619175,56274.16197143795,58490.06422577697
6,School_6,12,District_12,2011,,none,74.62522050777305,56274.16197143795,58490.06422577697
6,School_6,12,District_12,2012,,none,71.27904573898572,56274.16197143795,58490.06422577697
6,School_6,12,District_12,2013,,none,69.51861319165151,56274.16197143795,58490.06422577697
6,School_6,12,District_12,2014,,none,70.66466898313958,56274.16197143795,58490.06422577697
6,School_6,12,District_12,2015,,none,72.26803721015625,56274.16197143795,58490.06422577697
6,School_6,12,District_12,2016,,none,67.22985249471351,56274.16197143795,58490.06422577697
6,School_6,12,District_12,2017,,none,74.64398822422257,56274.16197143795,58490.06422577697
6,School_6,12,District_12,2018,,none,68.56504201726905,56274.16197143795,58490.06422577697
6,School_6,12,District_12,2019,,none,73.55672310929317,56274.16197143795,58490.06422577697
7,School_7,13,District_13,2000,,none,68.23641191665729,61935.698172528275,73756.98018345672
7,School_7,13,District_13,2001,,none,69.14290414436766,61935.698172528275,73756.98018345672
7,School_7,13,District_13,2002,,none,67.62871401248806,61935.698172528275,73756.98018345672
7,School_7,13,District_13,2003,,none,69.00696645085448,61935.698172528275,73756.98018345672
7,School_7,13,District_13,2004,,none,67.6287984468326,61935.698172528275,73756.98018345672
7,School_7,13,District_13,2005,1117584000000000000,math,69.52892362374811,61935.698172528275,73756.98018345672
7,School_7,13,District_13,2006,,none,66.77808083234574,61935.698172528275,73756.98018345672
7,School_7,13,District_13,2007,,none,71.62421340957,61935.698172528275,73756.98018345672
7,School_7,13,District_13,2008,,none,69.3063723292623,61935.698172528275,73756.98018345672
7,School_7,13,District_13,2009,,none,68.99154722033306,61935.698172528275,73756.98018345672
7,School_7,13,District_13,2010,,none,66.82142991900443,61935.698172528275,73756.98018345672
7,School_7,13,District_13,2011,,none,68.10285682788974,61935.698172528275,73756.98018345672
7,School_7,13,District_13,2012,,none,66.5980950797225,61935.698172528275,73756.98018345672
7,School_7,13,District_13,2013,,none,67.59022643756943,61935.698172528275,73756.98018345672
7,School_7,13,District_13,2014,,none,66.15430871594637,61935.698172528275,73756.98018345672
7,School_7,13,District_13,2015,,none,71.75084175947345,61935.698172528275,73756.98018345672
7,School_7,13,District_13,2016,,none,67.05874131404515,61935.698172528275,73756.98018345672
7,School_7,13,District_13,2017,,none,66.82239584933211,61935.698172528275,73756.98018345672
7,School_7,13,District_13,2018,,none,65.92133294406317,61935.698172528275,73756.98018345672
7,School_7,13,District_13,2019,,none,67.03014257190492,61935.698172528275,73756.98018345672
8,School_8,8,District_8,2000,,none,74.33667548909919,66139.47783322327,70675.28204687923
8,School_8,8,District_8,2001,,none,75.22750323866336,66139.47783322327,70675.28204687923
8,School_8,8,District_8,2002,,none,74.03581792583478,66139.47783322327,70675.28204687923
8,School_8,8,District_8,2003,,none,72.12524032617449,66139.47783322327,70675.28204687923
8,School_8,8,District_8,2004,,none,72.29731265659728,66139.47783322327,70675.28204687923
8,School_8,8,District_8,2005,,none,76.6857816825566,66139.47783322327,70675.28204687923
8,School_8,8,District_8,2006,,none,75.08088484591472,66139.47783322327,70675.28204687923
8,School_8,8,District_8,2007,,none,76.62424882673685,66139.47783322327,70675.28204687923
8,School_8,8,District_8,2008,,none,76.88701267306976,66139.47783322327,70675.28204687923
8,School_8,8,District_8,2009,,none,75.62862226853521,66139.47783322327,70675.28204687923
8,School_8,8,District_8,2010,,none,72.8630008092101,66139.47783322327,70675.28204687923
8,School_8,8,District_8,2011,,none,75.70563218455094,66139.47783322327,70675.28204687923
8,School_8,8,District_8,2012,,none,78.12565563993522,66139.47783322327,70675.28204687923
8,School_8,8,District_8,2013,1370044800000000000,math,77.32263020341813,66139.47783322327,70675.28204687923
8,School_8,8,District_8,2014,,none,76.00769284680648,66139.47783322327,70675.28204687923
8,School_8,8,District_8,2015,,none,75.29890643369536,66139.47783322327,70675.28204687923
8,School_8,8,District_8,2016,,none,78.07121793732425,66139.47783322327,70675.28204687923
8,School_8,8,District_8,2017,,none,73.97089015824298,66139.47783322327,70675.28204687923
8,School_8,8,District_8,2018,,none,77.63352608824549,66139.47783322327,70675.28204687923
8,School_8,8,District_8,2019,,none,74.57644108749012,66139.47783322327,70675.28204687923
9,School_9,15,District_15,2000,,none,72.88169702545952,46200.65733989574,67083.06250206723
9,School_9,15,District_15,2001,,none,74.489709078561,46200.65733989574,67083.06250206723
9,School_9,15,District_15,2002,,none,74.95490276848953,46200.65733989574,67083.06250206723
9,School_9,15,District_15,2003,,none,78.09304814549336,46200.65733989574,67083.06250206723
9,School_9,15,District_15,2004,,none,74.90906409021193,46200.65733989574,67083.06250206723
9,School_9,15,District_15,2005,,none,74.65654505617327,46200.65733989574,67083.06250206723
9,School_9,15,District_15,2006,1149120000000000000,math,81.49623807677679,46200.65733989574,67083.06250206723
9,School_9,15,District_15,2007,,none,75.47209682089758,46200.65733989574,67083.06250206723
9,School_9,15,District_15,2008,,none,72.98143857213861,46200.65733989574,67083.06250206723
9,School_9,15,District_15,2009,,none,76.98192970309088,46200.65733989574,67083.06250206723
9,School_9,15,District_15,2010,,none,72.7907513936158,46200.65733989574,67083.06250206723
9,School_9,15,District_15,2011,,none,72.97149437580708,46200.65733989574,67083.06250206723
9,School_9,15,District_15,2012,,none,72.57294753369868,46200.65733989574,67083.06250206723
9,School_9,15,District_15,2013,,none,72.39749887591859,46200.65733989574,67083.06250206723
9,School_9,15,District_15,2014,,none,74.93633552215415,46200.65733989574,67083.06250206723
9,School_9,15,District_15,2015,,none,73.75418460338742,46200.65733989574,67083.06250206723
9,School_9,15,District_15,2016,,none,67.3136505052014,46200.65733989574,67083.06250206723
9,School_9,15,District_15,2017,,none,73.73346280857548,46200.65733989574,67083.06250206723
9,School_9,15,District_15,2018,,none,73.23416442086324,46200.65733989574,67083.06250206723
9,School_9,15,District_15,2019,,none,76.05563966107222,46200.65733989574,67083.06250206723
10,School_10,3,District_3,2000,,none,77.81645206370659,65181.50830480554,73142.47332595274
10,School_10,3,District_3,2001,,none,84.0214848690491,65181.50830480554,73142.47332595274
10,School_10,3,District_3,2002,,none,81.7365564441678,65181.50830480554,73142.47332595274
10,School_10,3,District_3,2003,,none,78.16314850460776,65181.50830480554,73142.47332595274
10,School_10,3,District_3,2004,,none,81.24221544429348,65181.50830480554,73142.47332595274
10,School_10,3,District_3,2005,,none,79.99339271200921,65181.50830480554,73142.47332595274
10,School_10,3,District_3,2006,,none,79.40990087958781,65181.50830480554,73142.47332595274
10,School_10,3,District_3,2007,,none,80.54827379784217,65181.50830480554,73142.47332595274
10,School_10,3,District_3,2008,,none,79.0511110351483,65181.50830480554,73142.47332595274
10,School_10,3,District_3,2009,,none,79.42367159878228,65181.50830480554,73142.47332595274
10,School_10,3,District_3,2010,1275350400000000000,math,82.93671632792744,65181.50830480554,73142.47332595274
10,School_10,3,District_3,2011,,none,83.0478747701183,65181.50830480554,73142.47332595274
10,School_10,3,District_3,2012,,none,79.44535923106666,65181.50830480554,73142.47332595274
10,School_10,3,District_3,2013,,none,78.03537595668301,65181.50830480554,73142.47332595274
10,School_10,3,District_3,2014,,none,74.88450757643935,65181.50830480554,73142.47332595274
10,School_10,3,District_3,2015,,none,82.8655762305546,65181.50830480554,73142.47332595274
10,School_10,3,District_3,2016,,none,78.4164858614834,65181.50830480554,73142.47332595274
10,School_10,3,District_3,2017,,none,80.01258786678986,65181.50830480554,73142.47332595274
10,School_10,3,District_3,2018,,none,82.7547837604813,65181.50830480554,73142.47332595274
10,School_10,3,District_3,2019,,none,79.3981739284883,65181.50830480554,73142.47332595274
11,School_11,14,District_14,2000,,none,72.44512983018048,44693.758042737616,63993.61310081195
11,School_11,14,District_14,2001,,none,75.67381630902292,44693.758042737616,63993.61310081195
11,School_11,14,District_14,2002,,none,73.75594448906327,44693.758042737616,63993.61310081195
11,School_11,14,District_14,2003,,none,74.00668156338223,44693.758042737616,63993.61310081195
11,School_11,14,District_14,2004,,none,69.7881486129919,44693.758042737616,63993.61310081195
11,School_11,14,District_14,2005,,none,75.2463007684206,44693.758042737616,63993.61310081195
11,School_11,14,District_14,2006,,none,73.58564648991872,44693.758042737616,63993.61310081195
11,School_11,14,District_14,2007,1180656000000000000,math,74.30467299439417,44693.758042737616,63993.61310081195
11,School_11,14,District_14,2008,,none,73.80465857716197,44693.758042737616,63993.61310081195
11,School_11,14,District_14,2009,,none,68.70941900611193,44693.758042737616,63993.61310081195
11,School_11,14,District_14,2010,,none,77.51842075896143,44693.758042737616,63993.61310081195
11,School_11,14,District_14,2011,,none,70.63076075397191,44693.758042737616,63993.61310081195
11,School_11,14,District_14,2012,,none,76.0580558853723,44693.758042737616,63993.61310081195
11,School_11,14,District_14,2013,,none,71.20855925769813,44693.758042737616,63993.61310081195
11,School_11,14,District_14,2014,,none,73.95492177587687,44693.758042737616,63993.61310081195
11,School_11,14,District_14,2015,,none,71.01021384071643,44693.758042737616,63993.61310081195
11,School_11,14,District_14,2016,,none,74.82870079773107,44693.758042737616,63993.61310081195
11,School_11,14,District_14,2017,,none,72.36383287012093,44693.758042737616,63993.61310081195
11,School_11,14,District_14,2018,,none,73.77002944635085,44693.758042737616,63993.61310081195
11,School_11,14,District_14,2019,,none,72.86459911709342,44693.758042737616,63993.61310081195
12,School_12,1,District_1,2000,,none,66.44616825622316,63973.713224089865,64377.12470759027
12,School_12,1,District_1,2001,,none,70.18571154857155,63973.713224089865,64377.12470759027
12,School_12,1,District_1,2002,,none,68.17102285785897,63973.713224089865,64377.12470759027
12,School_12,1,District_1,2003,,none,71.2681234152057,63973.713224089865,64377.12470759027
12,School_12,1,District_1,2004,,none,68.70577821288911,63973.713224089865,64377.12470759027
12,School_12,1,District_1,2005,,none,69.02397001113381,63973.713224089865,64377.12470759027
12,School_12,1,District_1,2006,,none,72.54335075793634,63973.713224089865,64377.12470759027
12,School_12,1,District_1,2007,,none,73.94077141820637,63973.713224089865,64377.12470759027
12,School_12,1,District_1,2008,,none,70.74956574061464,63973.713224089865,64377.12470759027
12,School_12,1,District_1,2009,,none,68.60321763434371,63973.713224089865,64377.12470759027
12,School_12,1,District_1,2010,,none,68.42817517247818,63973.713224089865,64377.12470759027
12,School_12,1,District_1,2011,,none,67.54014385855331,63973.713224089865,64377.12470759027
12,School_12,1,District_1,2012,,none,67.92702146208336,63973.713224089865,64377.12470759027
12,School_12,1,District_1,2013,,none,68.63027834218254,63973.713224089865,64377.12470759027
12,School_12,1,District_1,2014,,none,73.10600376318027,63973.713224089865,64377.12470759027
12,School_12,1,District_1,2015,,none,68.78305448748343,63973.713224089865,64377.12470759027
12,School_12,1,District_1,2016,,none,66.72539182079427,63973.713224089865,64377.12470759027
12,School_12,1,District_1,2017,,none,69.26082836344123,63973.713224089865,64377.12470759027
12,School_12,1,District_1,2018,,none,69.5337546807126,63973.713224089865,64377.12470759027
12,School_12,1,District_1,2019,,none,69.24876874889138,63973.713224089865,64377.12470759027
13,School_13,4,District_4,2000,,none,70.88442777163279,72184.2388512642,60919.75924478789
13,School_13,4,District_4,2001,,none,69.42305634918043,72184.2388512642,60919.75924478789
13,School_13,4,District_4,2002,,none,70.82250031075702,72184.2388512642,60919.75924478789
13,School_13,4,District_4,2003,,none,67.72435861834694,72184.2388512642,60919.75924478789
13,School_13,4,District_4,2004,,none,72.84650420275281,72184.2388512642,60919.75924478789
13,School_13,4,District_4,2005,,none,69.79000490314954,72184.2388512642,60919.75924478789
13,School_13,4,District_4,2006,,none,70.08548326727644,72184.2388512642,60919.75924478789
13,School_13,4,District_4,2007,,none,67.71602153883576,72184.2388512642,60919.75924478789
13,School_13,4,District_4,2008,,none,70.22869930899516,72184.2388512642,60919.75924478789
13,School_13,4,District_4,2009,,none,70.58717543980298,72184.2388512642,60919.75924478789
13,School_13,4,District_4,2010,1275350400000000000,math,70.0086876863687,72184.2388512642,60919.75924478789
13,School_13,4,District_4,2011,,none,65.96686214968706,72184.2388512642,60919.75924478789
13,School_13,4,District_4,2012,,none,69.8723773736813,72184.2388512642,60919.75924478789
13,School_13,4,District_4,2013,,none,68.3075056795513,72184.2388512642,60919.75924478789
13,School_13,4,District_4,2014,,none,69.80488826473382,72184.2388512642,60919.75924478789
13,School_13,4,District_4,2015,,none,66.70297318466613,72184.2388512642,60919.75924478789
13,School_13,4,District_4,2016,,none,66.16403349769702,72184.2388512642,60919.75924478789
13,School_13,4,District_4,2017,,none,69.69842425246452,72184.2388512642,60919.75924478789
13,School_13,4,District_4,2018,,none,68.58547780454866,72184.2388512642,60919.75924478789
13,School_13,4,District_4,2019,,none,65.063646284162,72184.2388512642,60919.75924478789
14,School_14,2,District_2,2000,,none,63.01334665871021,58893.885590630525,59871.68879665576
14,School_14,2,District_2,2001,,none,57.711834886127235,58893.885590630525,59871.68879665576
14,School_14,2,District_2,2002,,none,65.47379892671562,58893.885590630525,59871.68879665576
14,School_14,2,District_2,2003,,none,59.0791155647176,58893.885590630525,59871.68879665576
14,School_14,2,District_2,2004,,none,61.13027015874675,58893.885590630525,59871.68879665576
14,School_14,2,District_2,2005,,none,63.62104704326912,58893.885590630525,59871.68879665576
14,School_14,2,District_2,2006,,none,63.2860168781524,58893.885590630525,59871.68879665576
14,School_14,2,District_2,2007,,none,64.29942183494852,58893.885590630525,59871.68879665576
14,School_14,2,District_2,2008,,none,57.280996544734045,58893.885590630525,59871.68879665576
14,School_14,2,District_2,2009,,none,58.05541802748026,58893.885590630525,59871.68879665576
14,School_14,2,District_2,2010,,none,60.77914357068281,58893.885590630525,59871.68879665576
14,School_14,2,District_2,2011,,none,62.00664389829018,58893.885590630525,59871.68879665576
14,School_14,2,District_2,2012,1338508800000000000,math,64.61507883790544,58893.885590630525,59871.68879665576
14,School_14,2,District_2,2013,,none,57.05116095106797,58893.885590630525,59871.68879665576
14,School_14,2,District_2,2014,,none,61.32030534042435,58893.885590630525,59871.68879665576
14,School_14,2,District_2,2015,,none,59.938646246026686,58893.885590630525,59871.68879665576
14,School_14,2,District_2,2016,,none,59.91467110458302,58893.885590630525,59871.68879665576
14,School_14,2,District_2,2017,,none,55.771248186873635,58893.885590630525,59871.68879665576
14,School_14,2,District_2,2018,,none,61.92211743145138,58893.885590630525,59871.68879665576
14,School_14,2,District_2,2019,,none,60.61755714306567,58893.885590630525,59871.68879665576
15,School_15,8,District_8,2000,,none,74.34362433069434,66139.47783322327,70675.28204687923
15,School_15,8,District_8,2001,,none,70.60427992435406,66139.47783322327,70675.28204687923
15,School_15,8,District_8,2002,,none,71.88597547845445,66139.47783322327,70675.28204687923
15,School_15,8,District_8,2003,,none,72.41693156962694,66139.47783322327,70675.28204687923
15,School_15,8,District_8,2004,,none,67.26097210009402,66139.47783322327,70675.28204687923
15,School_15,8,District_8,2005,,none,75.98669511061959,66139.47783322327,70675.28204687923
15,School_15,8,District_8,2006,,none,69.89171044157118,66139.47783322327,70675.28204687923
15,School_15,8,District_8,2007,,none,71.74242842170138,66139.47783322327,70675.28204687923
15,School_15,8,District_8,2008,,none,72.03445923131471,66139.47783322327,70675.28204687923
15,School_15,8,District_8,2009,,none,69.1237269614358,66139.47783322327,70675.28204687923
15,School_15,8,District_8,2010,,none,74.44725588031162,66139.47783322327,70675.28204687923
15,School_15,8,District_8,2011,,none,71.28520575612528,66139.47783322327,70675.28204687923
15,School_15,8,District_8,2012,,none,70.32634994360174,66139.47783322327,70675.28204687923
15,School_15,8,District_8,2013,1370044800000000000,math,73.42581953341325,66139.47783322327,70675.28204687923
15,School_15,8,District_8,2014,,none,72.28179961463445,66139.47783322327,70675.28204687923
15,School_15,8,District_8,2015,,none,70.7748915470358,66139.47783322327,70675.28204687923
15,School_15,8,District_8,2016,,none,72.51715503818289,66139.47783322327,70675.28204687923
15,School_15,8,District_8,2017,,none,67.38355093948093,66139.47783322327,70675.28204687923
15,School_15,8,District_8,2018,,none,69.25735523776343,66139.47783322327,70675.28204687923
15,School_15,8,District_8,2019,,none,66.47569458779778,66139.47783322327,70675.28204687923
16,School_16,4,District_4,2000,,none,73.91544161442366,72184.2388512642,60919.75924478789
16,School_16,4,District_4,2001,,none,73.88940955610764,72184.2388512642,60919.75924478789
16,School_16,4,District_4,2002,,none,71.17465743580374,72184.2388512642,60919.75924478789
16,School_16,4,District_4,2003,,none,67.89618915891171,72184.2388512642,60919.75924478789
16,School_16,4,District_4,2004,,none,74.70118184517442,72184.2388512642,60919.75924478789
16,School_16,4,District_4,2005,,none,68.71259634447435,72184.2388512642,60919.75924478789
16,School_16,4,District_4,2006,1149120000000000000,math,72.44620145882207,72184.2388512642,60919.75924478789
16,School_16,4,District_4,2007,,none,70.2404921121992,72184.2388512642,60919.75924478789
16,School_16,4,District_4,2008,,none,70.82445718477571,72184.2388512642,60919.75924478789
16,School_16,4,District_4,2009,,none,71.2090305041464,72184.2388512642,60919.75924478789
16,School_16,4,District_4,2010,,none,71.28934857568667,72184.2388512642,60919.75924478789
16,School_16,4,District_4,2011,,none,69.63237713002995,72184.2388512642,60919.75924478789
16,School_16,4,District_4,2012,,none,71.2576272042512,72184.2388512642,60919.75924478789
16,School_16,4,District_4,2013,,none,69.54300998174641,72184.2388512642,60919.75924478789
16,School_16,4,District_4,2014,,none,71.08003217448221,72184.2388512642,60919.75924478789
16,School_16,4,District_4,2015,,none,70.91600885639932,72184.2388512642,60919.75924478789
16,School_16,4,District_4,2016,,none,71.44711988233401,72184.2388512642,60919.75924478789
16,School_16,4,District_4,2017,,none,71.1973586987797,72184.2388512642,60919.75924478789
16,School_16,4,District_4,2018,,none,69.03656055091517,72184.2388512642,60919.75924478789
16,School_16,4,District_4,2019,,none,70.83884564385579,72184.2388512642,60919.75924478789
17,School_17,2,District_2,2000,,none,64.65642914825585,58893.885590630525,59871.68879665576
17,School_17,2,District_2,2001,,none,60.767380894528664,58893.885590630525,59871.68879665576
17,School_17,2,District_2,2002,,none,62.801540957964015,58893.885590630525,59871.68879665576
17,School_17,2,District_2,2003,,none,64.56585745486274,58893.885590630525,59871.68879665576
17,School_17,2,District_2,2004,,none,66.76821466188532,58893.885590630525,59871.68879665576
17,School_17,2,District_2,2005,,none,64.99943004468355,58893.885590630525,59871.68879665576
17,School_17,2,District_2,2006,,none,66.89438564638127,58893.885590630525,59871.68879665576
17,School_17,2,District_2,2007,,none,62.552882892072176,58893.885590630525,59871.68879665576
17,School_17,2,District_2,2008,,none,63.85001065692136,58893.885590630525,59871.68879665576
17,School_17,2,District_2,2009,,none,64.96110027147832,58893.885590630525,59871.68879665576
17,School_17,2,District_2,2010,,none,58.696926245426525,58893.885590630525,59871.68879665576
17,School_17,2,District_2,2011,,none,66.37123610865513,58893.885590630525,59871.68879665576
17,School_17,2,District_2,2012,1338508800000000000,math,62.99629351405378,58893.885590630525,59871.68879665576
17,School_17,2,District_2,2013,,none,65.34350980898289,58893.885590630525,59871.68879665576
17,School_17,2,District_2,2014,,none,64.72329325351137,58893.885590630525,59871.68879665576
17,School_17,2,District_2,2015,,none,58.670443667396306,58893.885590630525,59871.68879665576
17,School_17,2,District_2,2016,,none,58.771507158560084,58893.885590630525,59871.68879665576
17,School_17,2,District_2,2017,,none,66.21459350733109,58893.885590630525,59871.68879665576
17,School_17,2,District_2,2018,,none,65.77907379179918,58893.885590630525,59871.68879665576
17,School_17,2,District_2,2019,,none,61.58790238344955,58893.885590630525,59871.68879665576
18,School_18,14,District_14,2000,,none,68.10980408205623,44693.758042737616,63993.61310081195
18,School_18,14,District_14,2001,,none,70.89877181689681,44693.758042737616,63993.61310081195
18,School_18,14,District_14,2002,,none,69.84807357116763,44693.758042737616,63993.61310081195
18,School_18,14,District_14,2003,,none,71.98235230384259,44693.758042737616,63993.61310081195
18,School_18,14,District_14,2004,,none,70.83272372101054,44693.758042737616,63993.61310081195
18,School_18,14,District_14,2005,,none,73.03962346005744,44693.758042737616,63993.61310081195
18,School_18,14,District_14,2006,,none,71.81371742797182,44693.758042737616,63993.61310081195
18,School_18,14,District_14,2007,,none,71.31510797042552,44693.758042737616,63993.61310081195
18,School_18,14,District_14,2008,,none,69.16931243153702,44693.758042737616,63993.61310081195
18,School_18,14,District_14,2009,,none,69.02291940382068,44693.758042737616,63993.61310081195
18,School_18,14,District_14,2010,,none,69.77004390273376,44693.758042737616,63993.61310081195
18,School_18,14,District_14,2011,1306886400000000000,math,76.37593754927727,44693.758042737616,63993.61310081195
18,School_18,14,District_14,2012,,none,69.0610124133648,44693.758042737616,63993.61310081195
18,School_18,14,District_14,2013,,none,70.3946198462924,44693.758042737616,63993.61310081195
18,School_18,14,District_14,2014,,none,65.38395605672974,44693.758042737616,63993.61310081195
18,School_18,14,District_14,2015,,none,71.22517933223253,44693.758042737616,63993.61310081195
18,School_18,14,District_14,2016,,none,74.38795843433064,44693.758042737616,63993.61310081195
18,School_18,14,District_14,2017,,none,68.00628565361852,44693.758042737616,63993.61310081195
18,School_18,14,District_14,2018,,none,76.22244614639789,44693.758042737616,63993.61310081195
18,School_18,14,District_14,2019,,none,70.23804308145768,44693.758042737616,63993.61310081195
19,School_19,6,District_6,2000,,none,71.56997857871521,58126.904344406554,84656.48768921554
19,School_19,6,District_6,2001,,none,75.94476458154807,58126.904344406554,84656.48768921554
19,School_19,6,District_6,2002,,none,79.37671818802207,58126.904344406554,84656.48768921554
19,School_19,6,District_6,2003,,none,80.71447547398351,58126.904344406554,84656.48768921554
19,School_19,6,District_6,2004,,none,78.15203815798726,58126.904344406554,84656.48768921554
19,School_19,6,District_6,2005,,none,79.85102990324184,58126.904344406554,84656.48768921554
19,School_19,6,District_6,2006,,none,74.36026997849919,58126.904344406554,84656.48768921554
19,School_19,6,District_6,2007,1180656000000000000,math,79.30834203424132,58126.904344406554,84656.48768921554
19,School_19,6,District_6,2008,,none,73.35692249748033,58126.904344406554,84656.48768921554
19,School_19,6,District_6,2009,,none,75.5057149095001,58126.904344406554,84656.48768921554
19,School_19,6,District_6,2010,,none,78.23967903435523,58126.904344406554,84656.48768921554
19,School_19,6,District_6,2011,,none,77.14115258624994,58126.904344406554,84656.48768921554
19,School_19,6,District_6,2012,,none,78.45153913481026,58126.904344406554,84656.48768921554
19,School_19,6,District_6,2013,,none,74.84281302649043,58126.904344406554,84656.48768921554
19,School_19,6,District_6,2014,,none,74.96479100786017,58126.904344406554,84656.48768921554
19,School_19,6,District_6,2015,,none,77.12506148053373,58126.904344406554,84656.48768921554
19,School_19,6,District_6,2016,,none,75.51054545087327,58126.904344406554,84656.48768921554
19,School_19,6,District_6,2017,,none,79.31953939780409,58126.904344406554,84656.48768921554
19,School_19,6,District_6,2018,,none,75.46100329272895,58126.904344406554,84656.48768921554
19,School_19,6,District_6,2019,,none,75.72506257562141,58126.904344406554,84656.48768921554
20,School_20,6,District_6,2000,,none,67.16494057799935,58126.904344406554,84656.48768921554
20,School_20,6,District_6,2001,,none,65.54868536680738,58126.904344406554,84656.48768921554
20,School_20,6,District_6,2002,,none,63.85737296318754,58126.904344406554,84656.48768921554
20,School_20,6,District_6,2003,,none,64.12855010059819,58126.904344406554,84656.48768921554
20,School_20,6,District_6,2004,,none,67.40279366707628,58126.904344406554,84656.48768921554
20,School_20,6,District_6,2005,,none,63.609838721138246,58126.904344406554,84656.48768921554
20,School_20,6,District_6,2006,,none,69.12159060535998,58126.904344406554,84656.48768921554
20,School_20,6,District_6,2007,,none,64.94646318165887,58126.904344406554,84656.48768921554
20,School_20,6,District_6,2008,,none,67.55969338419848,58126.904344406554,84656.48768921554
20,School_20,6,District_6,2009,,none,65.0664365022031,58126.904344406554,84656.48768921554
20,School_20,6,District_6,2010,,none,64.49677899026963,58126.904344406554,84656.48768921554
20,School_20,6,District_6,2011,,none,66.81946911484273,58126.904344406554,84656.48768921554
20,School_20,6,District_6,2012,,none,68.43082868429417,58126.904344406554,84656.48768921554
20,School_20,6,District_6,2013,,none,65.83252624854215,58126.904344406554,84656.48768921554
20,School_20,6,District_6,2014,,none,66.19630704274745,58126.904344406554,84656.48768921554
20,School_20,6,District_6,2015,,none,67.94209647242796,58126.904344406554,84656.48768921554
20,School_20,6,District_6,2016,,none,68.00831625076547,58126.904344406554,84656.48768921554
20,School_20,6,District_6,2017,,none,66.25027831022288,58126.904344406554,84656.48768921554
20,School_20,6,District_6,2018,,none,65.4403019652918,58126.904344406554,84656.48768921554
20,School_20,6,District_6,2019,,none,66.49257366915243,58126.904344406554,84656.48768921554
21,School_21,10,District_10,2000,,none,64.81870385665378,64340.48034868772,64556.17275474817
21,School_21,10,District_10,2001,,none,65.82647514306417,64340.48034868772,64556.17275474817
21,School_21,10,District_10,2002,,none,62.811985985738964,64340.48034868772,64556.17275474817
21,School_21,10,District_10,2003,,none,65.75488999814796,64340.48034868772,64556.17275474817
21,School_21,10,District_10,2004,,none,63.76392000708897,64340.48034868772,64556.17275474817
21,School_21,10,District_10,2005,,none,67.01230206241148,64340.48034868772,64556.17275474817
21,School_21,10,District_10,2006,,none,63.855591140689434,64340.48034868772,64556.17275474817
21,School_21,10,District_10,2007,,none,63.8903073050486,64340.48034868772,64556.17275474817
21,School_21,10,District_10,2008,,none,66.09132448825395,64340.48034868772,64556.17275474817
21,School_21,10,District_10,2009,,none,65.22895061706286,64340.48034868772,64556.17275474817
21,School_21,10,District_10,2010,,none,69.75383009222814,64340.48034868772,64556.17275474817
21,School_21,10,District_10,2011,,none,61.94192161832196,64340.48034868772,64556.17275474817
21,School_21,10,District_10,2012,1338508800000000000,math,66.21266900804969,64340.48034868772,64556.17275474817
21,School_21,10,District_10,2013,,none,67.4598258093752,64340.48034868772,64556.17275474817
21,School_21,10,District_10,2014,,none,64.04389899357587,64340.48034868772,64556.17275474817
21,School_21,10,District_10,2015,,none,63.379411149950705,64340.48034868772,64556.17275474817
21,School_21,10,District_10,2016,,none,63.45879754413781,64340.48034868772,64556.17275474817
21,School_21,10,District_10,2017,,none,61.9766044801303,64340.48034868772,64556.17275474817
21,School_21,10,District_10,2018,,none,67.89993609405185,64340.48034868772,64556.17275474817
21,School_21,10,District_10,2019,,none,64.54129215581764,64340.48034868772,64556.17275474817
22,School_22,4,District_4,2000,,none,74.62858681265028,72184.2388512642,60919.75924478789
22,School_22,4,District_4,2001,,none,71.2764449435904,72184.2388512642,60919.75924478789
22,School_22,4,District_4,2002,,none,72.65722394732698,72184.2388512642,60919.75924478789
22,School_22,4,District_4,2003,,none,78.45542060328893,72184.2388512642,60919.75924478789
22,School_22,4,District_4,2004,,none,76.1308524244519,72184.2388512642,60919.75924478789
22,School_22,4,District_4,2005,,none,77.85764275210096,72184.2388512642,60919.75924478789
22,School_22,4,District_4,2006,,none,77.60462597191041,72184.2388512642,60919.75924478789
22,School_22,4,District_4,2007,,none,73.52340053110487,72184.2388512642,60919.75924478789
22,School_22,4,District_4,2008,,none,80.38433654955868,72184.2388512642,60919.75924478789
22,School_22,4,District_4,2009,,none,79.4241062834532,72184.2388512642,60919.75924478789
22,School_22,4,District_4,2010,,none,74.39710820800468,72184.2388512642,60919.75924478789
22,School_22,4,District_4,2011,,none,68.38823049353098,72184.2388512642,60919.75924478789
22,School_22,4,District_4,2012,,none,74.8115769123626,72184.2388512642,60919.75924478789
22,School_22,4,District_4,2013,1370044800000000000,math,81.4236391552836,72184.2388512642,60919.75924478789
22,School_22,4,District_4,2014,,none,74.38920302269936,72184.2388512642,60919.75924478789
22,School_22,4,District_4,2015,,none,75.08159689888132,72184.2388512642,60919.75924478789
22,School_22,4,District_4,2016,,none,73.86732501957516,72184.2388512642,60919.75924478789
22,School_22,4,District_4,2017,,none,77.36791052895845,72184.2388512642,60919.75924478789
22,School_22,4,District_4,2018,,none,75.65190757298785,72184.2388512642,60919.75924478789
22,School_22,4,District_4,2019,,none,77.42766921813666,72184.2388512642,60919.75924478789
23,School_23,6,District_6,2000,,none,75.61560817373731,58126.904344406554,84656.48768921554
23,School_23,6,District_6,2001,,none,68.82255435314815,58126.904344406554,84656.48768921554
23,School_23,6,District_6,2002,,none,71.63015705965324,58126.904344406554,84656.48768921554
23,School_23,6,District_6,2003,,none,71.92314289404035,58126.904344406554,84656.48768921554
23,School_23,6,District_6,2004,,none,78.31394620069901,58126.904344406554,84656.48768921554
23,School_23,6,District_6,2005,,none,73.4692122151221,58126.904344406554,84656.48768921554
23,School_23,6,District_6,2006,,none,74.79632267404757,58126.904344406554,84656.48768921554
23,School_23,6,District_6,2007,,none,69.40981794277242,58126.904344406554,84656.48768921554
23,School_23,6,District_6,2008,,none,73.45763238631649,58126.904344406554,84656.48768921554
23,School_23,6,District_6,2009,,none,75.12778744555396,58126.904344406554,84656.48768921554
23,School_23,6,District_6,2010,,none,74.89513165144176,58126.904344406554,84656.48768921554
23,School_23,6,District_6,2011,,none,74.41800035915415,58126.904344406554,84656.48768921554
23,School_23,6,District_6,2012,,none,73.1972024943117,58126.904344406554,84656.48768921554
23,School_23,6,District_6,2013,,none,73.29433872257235,58126.904344406554,84656.48768921554
23,School_23,6,District_6,2014,,none,69.78466913190186,58126.904344406554,84656.48768921554
23,School_23,6,District_6,2015,,none,71.37013571094715,58126.904344406554,84656.48768921554
23,School_23,6,District_6,2016,,none,73.63308939409778,58126.904344406554,84656.48768921554
23,School_23,6,District_6,2017,,none,71.73924986746904,58126.904344406554,84656.48768921554
23,School_23,6,District_6,2018,,none,74.54887797538701,58126.904344406554,84656.48768921554
23,School_23,6,District_6,2019,,none,74.10476658185117,58126.904344406554,84656.48768921554
24,School_24,13,District_13,2000,,none,88.04021658133527,61935.698172528275,73756.98018345672
24,School_24,13,District_13,2001,,none,87.22198372419643,61935.698172528275,73756.98018345672
24,School_24,13,District_13,2002,,none,85.75999889016043,61935.698172528275,73756.98018345672
24,School_24,13,District_13,2003,,none,86.80143694001512,61935.698172528275,73756.98018345672
24,School_24,13,District_13,2004,,none,87.3156803964906,61935.698172528275,73756.98018345672
24,School_24,13,District_13,2005,,none,84.29060150007533,61935.698172528275,73756.98018345672
24,School_24,13,District_13,2006,,none,84.64681407525168,61935.698172528275,73756.98018345672
24,School_24,13,District_13,2007,,none,85.11182399710447,61935.698172528275,73756.98018345672
24,School_24,13,District_13,2008,,none,84.35441498356259,61935.698172528275,73756.98018345672
24,School_24,13,District_13,2009,,none,87.33684996201826,61935.698172528275,73756.98018345672
24,School_24,13,District_13,2010,,none,84.05085498853668,61935.698172528275,73756.98018345672
24,School_24,13,District_13,2011,,none,87.80877901469094,61935.698172528275,73756.98018345672
24,School_24,13,District_13,2012,1338508800000000000,math,88.4293042811257,61935.698172528275,73756.98018345672
24,School_24,13,District_13,2013,,none,86.25026935757,61935.698172528275,73756.98018345672
24,School_24,13,District_13,2014,,none,85.63830636941707,61935.698172528275,73756.98018345672
24,School_24,13,District_13,2015,,none,83.35351645530795,61935.698172528275,73756.98018345672
24,School_24,13,District_13,2016,,none,85.26569661290971,61935.698172528275,73756.98018345672
24,School_24,13,District_13,2017,,none,85.97276313479249,61935.698172528275,73756.98018345672
24,School_24,13,District_13,2018,,none,85.1768906976703,61935.698172528275,73756.98018345672
24,School_24,13,District_13,2019,,none,82.62006295487872,61935.698172528275,73756.98018345672
25,School_25,15,District_15,2000,,none,66.81000768326179,46200.65733989574,67083.06250206723
25,School_25,15,District_15,2001,,none,63.58254816193291,46200.65733989574,67083.06250206723
25,School_25,15,District_15,2002,,none,61.8185440458824,46200.65733989574,67083.06250206723
25,School_25,15,District_15,2003,,none,66.64868524314399,46200.65733989574,67083.06250206723
25,School_25,15,District_15,2004,,none,64.64192881565009,46200.65733989574,67083.06250206723
25,School_25,15,District_15,2005,,none,61.00680920340622,46200.65733989574,67083.06250206723
25,School_25,15,District_15,2006,,none,61.318159703409684,46200.65733989574,67083.06250206723
25,School_25,15,District_15,2007,,none,62.962359756433756,46200.65733989574,67083.06250206723
25,School_25,15,District_15,2008,1212278400000000000,math,66.82823132487407,46200.65733989574,67083.06250206723
25,School_25,15,District_15,2009,,none,64.65274885913728,46200.65733989574,67083.06250206723
25,School_25,15,District_15,2010,,none,65.30750615526658,46200.65733989574,67083.06250206723
25,School_25,15,District_15,2011,,none,64.48629400900973,46200.65733989574,67083.06250206723
25,School_25,15,District_15,2012,,none,66.10064115349142,46200.65733989574,67083.06250206723
25,School_25,15,District_15,2013,,none,63.66073551557038,46200.65733989574,67083.06250206723
25,School_25,15,District_15,2014,,none,61.88787043525299,46200.65733989574,67083.06250206723
25,School_25,15,District_15,2015,,none,63.40044745689149,46200.65733989574,67083.06250206723
25,School_25,15,District_15,2016,,none,63.26918787551786,46200.65733989574,67083.06250206723
25,School_25,15,District_15,2017,,none,58.250718336884454,46200.65733989574,67083.06250206723
25,School_25,15,District_15,2018,,none,62.28441547801812,46200.65733989574,67083.06250206723
25,School_25,15,District_15,2019,,none,64.03555666211034,46200.65733989574,67083.06250206723
26,School_26,2,District_2,2000,,none,72.75350507976741,58893.885590630525,59871.68879665576
26,School_26,2,District_2,2001,,none,72.30951748654499,58893.885590630525,59871.68879665576
26,School_26,2,District_2,2002,,none,75.42468860180011,58893.885590630525,59871.68879665576
26,School_26,2,District_2,2003,,none,71.7688445606401,58893.885590630525,59871.68879665576
26,School_26,2,District_2,2004,,none,75.02518151113263,58893.885590630525,59871.68879665576
26,School_26,2,District_2,2005,,none,70.93644726861442,58893.885590630525,59871.68879665576
26,School_26,2,District_2,2006,1149120000000000000,math,81.57113840806602,58893.885590630525,59871.68879665576
26,School_26,2,District_2,2007,,none,73.17056515638848,58893.885590630525,59871.68879665576
26,School_26,2,District_2,2008,,none,72.95540563159888,58893.885590630525,59871.68879665576
26,School_26,2,District_2,2009,,none,75.88806801597082,58893.885590630525,59871.68879665576
26,School_26,2,District_2,2010,,none,72.76452652857809,58893.885590630525,59871.68879665576
26,School_26,2,District_2,2011,,none,76.51179182684231,58893.885590630525,59871.68879665576
26,School_26,2,District_2,2012,,none,74.34512387116403,58893.885590630525,59871.68879665576
26,School_26,2,District_2,2013,,none,73.36514040909853,58893.885590630525,59871.68879665576
26,School_26,2,District_2,2014,,none,73.15192440345024,58893.885590630525,59871.68879665576
26,School_26,2,District_2,2015,,none,76.0171205510515,58893.885590630525,59871.68879665576
26,School_26,2,District_2,2016,,none,74.06291063939798,58893.885590630525,59871.68879665576
26,School_26,2,District_2,2017,,none,74.46655367257253,58893.885590630525,59871.68879665576
26,School_26,2,District_2,2018,,none,74.68393995539824,58893.885590630525,59871.68879665576
26,School_26,2,District_2,2019,,none,73.86780858063636,58893.885590630525,59871.68879665576
27,School_27,10,District_10,2000,,none,72.61919898846155,64340.48034868772,64556.17275474817
27,School_27,10,District_10,2001,,none,71.34280769039961,64340.48034868772,64556.17275474817
27,School_27,10,District_10,2002,,none,71.47983727210843,64340.48034868772,64556.17275474817
27,School_27,10,District_10,2003,,none,69.34122467970816,64340.48034868772,64556.17275474817
27,School_27,10,District_10,2004,,none,72.17497503759837,64340.48034868772,64556.17275474817
27,School_27,10,District_10,2005,,none,68.14037252233715,64340.48034868772,64556.17275474817
27,School_27,10,District_10,2006,,none,72.14657067698342,64340.48034868772,64556.17275474817
27,School_27,10,District_10,2007,,none,71.01822250343196,64340.48034868772,64556.17275474817
27,School_27,10,District_10,2008,,none,72.32862475466354,64340.48034868772,64556.17275474817
27,School_27,10,District_10,2009,,none,69.48179786759823,64340.48034868772,64556.17275474817
27,School_27,10,District_10,2010,1275350400000000000,math,69.47431918823574,64340.48034868772,64556.17275474817
27,School_27,10,District_10,2011,,none,70.8777239218145,64340.48034868772,64556.17275474817
27,School_27,10,District_10,2012,,none,69.48762919804739,64340.48034868772,64556.17275474817
27,School_27,10,District_10,2013,,none,68.01834116934062,64340.48034868772,64556.17275474817
27,School_27,10,District_10,2014,,none,73.11542107515072,64340.48034868772,64556.17275474817
27,School_27,10,District_10,2015,,none,74.78193099004567,64340.48034868772,64556.17275474817
27,School_27,10,District_10,2016,,none,69.98555166421248,64340.48034868772,64556.17275474817
27,School_27,10,District_10,2017,,none,71.42791288131868,64340.48034868772,64556.17275474817
27,School_27,10,District_10,2018,,none,70.96388330240195,64340.48034868772,64556.17275474817
27,School_27,10,District_10,2019,,none,70.26165769180918,64340.48034868772,64556.17275474817
28,School_28,12,District_12,2000,,none,71.62388084804202,56274.16197143795,58490.06422577697
28,School_28,12,District_12,2001,,none,72.31668934112322,56274.16197143795,58490.06422577697
28,School_28,12,District_12,2002,,none,68.55919204173478,56274.16197143795,58490.06422577697
28,School_28,12,District_12,2003,,none,70.3859401544558,56274.16197143795,58490.06422577697
28,School_28,12,District_12,2004,,none,72.86547248813378,56274.16197143795,58490.06422577697
28,School_28,12,District_12,2005,,none,71.67447882669593,56274.16197143795,58490.06422577697
28,School_28,12,District_12,2006,,none,71.97180129706696,56274.16197143795,58490.06422577697
28,School_28,12,District_12,2007,1180656000000000000,math,76.67799250932055,56274.16197143795,58490.06422577697
28,School_28,12,District_12,2008,,none,73.00609676501249,56274.16197143795,58490.06422577697
28,School_28,12,District_12,2009,,none,72.35369168087212,56274.16197143795,58490.06422577697
28,School_28,12,District_12,2010,,none,70.58628124982835,56274.16197143795,58490.06422577697
28,School_28,12,District_12,2011,,none,69.5314403853498,56274.16197143795,58490.06422577697
28,School_28,12,District_12,2012,,none,70.50336195089236,56274.16197143795,58490.06422577697
28,School_28,12,District_12,2013,,none,69.22759304821925,56274.16197143795,58490.06422577697
28,School_28,12,District_12,2014,,none,66.39143267424461,56274.16197143795,58490.06422577697
28,School_28,12,District_12,2015,,none,69.7374082886659,56274.16197143795,58490.06422577697
28,School_28,12,District_12,2016,,none,71.01145890794042,56274.16197143795,58490.06422577697
28,School_28,12,District_12,2017,,none,69.12186758473362,56274.16197143795,58490.06422577697
28,School_28,12,District_12,2018,,none,69.91084684578877,56274.16197143795,58490.06422577697
28,School_28,12,District_12,2019,,none,69.98833298833252,56274.16197143795,58490.06422577697
29,School_29,2,District_2,2000,,none,77.26627464091112,58893.885590630525,59871.68879665576
29,School_29,2,District_2,2001,,none,73.83368654442353,58893.885590630525,59871.68879665576
29,School_29,2,District_2,2002,,none,77.26582785684025,58893.885590630525,59871.68879665576
29,School_29,2,District_2,2003,,none,69.1275801087774,58893.885590630525,59871.68879665576
29,School_29,2,District_2,2004,,none,77.24827265513142,58893.885590630525,59871.68879665576
29,School_29,2,District_2,2005,,none,77.14737332219859,58893.885590630525,59871.68879665576
29,School_29,2,District_2,2006,,none,76.35707043925173,58893.885590630525,59871.68879665576
29,School_29,2,District_2,2007,,none,70.52872508606579,58893.885590630525,59871.68879665576
29,School_29,2,District_2,2008,,none,76.5903350829183,58893.885590630525,59871.68879665576
29,School_29,2,District_2,2009,,none,74.45232274112284,58893.885590630525,59871.68879665576
29,School_29,2,District_2,2010,1275350400000000000,math,73.48886788141637,58893.885590630525,59871.68879665576
29,School_29,2,District_2,2011,,none,77.14891650814273,58893.885590630525,59871.68879665576
29,School_29,2,District_2,2012,,none,77.44090724957128,58893.885590630525,59871.68879665576
29,School_29,2,District_2,2013,,none,70.743536948743,58893.885590630525,59871.68879665576
29,School_29,2,District_2,2014,,none,74.90340324307357,58893.885590630525,59871.68879665576
29,School_29,2,District_2,2015,,none,77.32974333536171,58893.885590630525,59871.68879665576
29,School_29,2,District_2,2016,,none,77.01288371938763,58893.885590630525,59871.68879665576
29,School_29,2,District_2,2017,,none,76.22468319479239,58893.885590630525,59871.68879665576
29,School_29,2,District_2,2018,,none,69.25805533267832,58893.885590630525,59871.68879665576
29,School_29,2,District_2,2019,,none,76.01164662574497,58893.885590630525,59871.68879665576
30,School_30,10,District_10,2000,,none,69.41516541481516,64340.48034868772,64556.17275474817
30,School_30,10,District_10,2001,,none,71.84308826900003,64340.48034868772,64556.17275474817
30,School_30,10,District_10,2002,,none,70.36369612843069,64340.48034868772,64556.17275474817
30,School_30,10,District_10,2003,,none,69.81160999098532,64340.48034868772,64556.17275474817
30,School_30,10,District_10,2004,,none,71.13318091038151,64340.48034868772,64556.17275474817
30,School_30,10,District_10,2005,,none,69.50754646941952,64340.48034868772,64556.17275474817
30,School_30,10,District_10,2006,,none,69.80281865177916,64340.48034868772,64556.17275474817
30,School_30,10,District_10,2007,,none,68.74092521330552,64340.48034868772,64556.17275474817
30,School_30,10,District_10,2008,,none,66.64055522919392,64340.48034868772,64556.17275474817
30,School_30,10,District_10,2009,,none,70.98708015910559,64340.48034868772,64556.17275474817
30,School_30,10,District_10,2010,,none,68.2393125722219,64340.48034868772,64556.17275474817
30,School_30,10,District_10,2011,,none,69.44978947948158,64340.48034868772,64556.17275474817
30,School_30,10,District_10,2012,,none,70.42532112847091,64340.48034868772,64556.17275474817
30,School_30,10,District_10,2013,,none,65.68093792443217,64340.48034868772,64556.17275474817
30,School_30,10,District_10,2014,,none,66.1286754042094,64340.48034868772,64556.17275474817
30,School_30,10,District_10,2015,,none,69.25189605834464,64340.48034868772,64556.17275474817
30,School_30,10,District_10,2016,,none,70.76050017616235,64340.48034868772,64556.17275474817
30,School_30,10,District_10,2017,,none,71.33944975286137,64340.48034868772,64556.17275474817
30,School_30,10,District_10,2018,,none,66.66874421981123,64340.48034868772,64556.17275474817
30,School_30,10,District_10,2019,,none,71.12463618038868,64340.48034868772,64556.17275474817
31,School_31,14,District_14,2000,,none,59.82797971344433,44693.758042737616,63993.61310081195
31,School_31,14,District_14,2001,,none,58.551804459884046,44693.758042737616,63993.61310081195
31,School_31,14,District_14,2002,,none,59.02101523795826,44693.758042737616,63993.61310081195
31,School_31,14,District_14,2003,,none,61.921833614157336,44693.758042737616,63993.61310081195
31,School_31,14,District_14,2004,,none,60.86613052024814,44693.758042737616,63993.61310081195
31,School_31,14,District_14,2005,,none,60.41873199558764,44693.758042737616,63993.61310081195
31,School_31,14,District_14,2006,,none,60.8051104276928,44693.758042737616,63993.61310081195
31,School_31,14,District_14,2007,,none,62.17431450330939,44693.758042737616,63993.61310081195
31,School_31,14,District_14,2008,,none,60.123919815270355,44693.758042737616,63993.61310081195
31,School_31,14,District_14,2009,1243814400000000000,math,63.264230594855576,44693.758042737616,63993.61310081195
31,School_31,14,District_14,2010,,none,62.59446043035261,44693.758042737616,63993.61310081195
31,School_31,14,District_14,2011,,none,59.65494570155068,44693.758042737616,63993.61310081195
31,School_31,14,District_14,2012,,none,61.554400140638364,44693.758042737616,63993.61310081195
31,School_31,14,District_14,2013,,none,59.310709988730714,44693.758042737616,63993.61310081195
31,School_31,14,District_14,2014,,none,59.48638426725343,44693.758042737616,63993.61310081195
31,School_31,14,District_14,2015,,none,60.11001943647773,44693.758042737616,63993.61310081195
31,School_31,14,District_14,2016,,none,61.34866465605053,44693.758042737616,63993.61310081195
31,School_31,14,District_14,2017,,none,62.70648287517914,44693.758042737616,63993.61310081195
31,School_31,14,District_14,2018,,none,60.51120947715455,44693.758042737616,63993.61310081195
31,School_31,14,District_14,2019,,none,57.31844512742991,44693.758042737616,63993.61310081195
32,School_32,4,District_4,2000,,none,67.02610494650466,72184.2388512642,60919.75924478789
32,School_32,4,District_4,2001,,none,70.67089670772819,72184.2388512642,60919.75924478789
32,School_32,4,District_4,2002,,none,65.98055002157147,72184.2388512642,60919.75924478789
32,School_32,4,District_4,2003,,none,62.34567708107762,72184.2388512642,60919.75924478789
32,School_32,4,District_4,2004,,none,66.10251813837849,72184.2388512642,60919.75924478789
32,School_32,4,District_4,2005,,none,65.7571871530691,72184.2388512642,60919.75924478789
32,School_32,4,District_4,2006,1149120000000000000,math,69.69598508569051,72184.2388512642,60919.75924478789
32,School_32,4,District_4,2007,,none,67.65403215939105,72184.2388512642,60919.75924478789
32,School_32,4,District_4,2008,,none,68.51976193210822,72184.2388512642,60919.75924478789
32,School_32,4,District_4,2009,,none,67.13038384983895,72184.2388512642,60919.75924478789
32,School_32,4,District_4,2010,,none,65.49709619009464,72184.2388512642,60919.75924478789
32,School_32,4,District_4,2011,,none,68.01456992817604,72184.2388512642,60919.75924478789
32,School_32,4,District_4,2012,,none,62.7755530770083,72184.2388512642,60919.75924478789
32,School_32,4,District_4,2013,,none,64.33110011796879,72184.2388512642,60919.75924478789
32,School_32,4,District_4,2014,,none,64.55395680223332,72184.2388512642,60919.75924478789
32,School_32,4,District_4,2015,,none,65.70131106357292,72184.2388512642,60919.75924478789
32,School_32,4,District_4,2016,,none,66.77668168441045,72184.2388512642,60919.75924478789
32,School_32,4,District_4,2017,,none,65.36178646276221,72184.2388512642,60919.75924478789
32,School_32,4,District_4,2018,,none,63.95114077043223,72184.2388512642,60919.75924478789
32,School_32,4,District_4,2019,,none,67.71291292882904,72184.2388512642,60919.75924478789
33,School_33,14,District_14,2000,,none,76.3512537921922,44693.758042737616,63993.61310081195
33,School_33,14,District_14,2001,,none,77.02642507834365,44693.758042737616,63993.61310081195
33,School_33,14,District_14,2002,,none,77.9243027275534,44693.758042737616,63993.61310081195
33,School_33,14,District_14,2003,,none,76.89992245244748,44693.758042737616,63993.61310081195
33,School_33,14,District_14,2004,,none,76.90871062609017,44693.758042737616,63993.61310081195
33,School_33,14,District_14,2005,,none,78.88311407747325,44693.758042737616,63993.61310081195
33,School_33,14,District_14,2006,,none,77.12490618574233,44693.758042737616,63993.61310081195
33,School_33,14,District_14,2007,,none,78.54776120818256,44693.758042737616,63993.61310081195
33,School_33,14,District_14,2008,,none,77.91150212523837,44693.758042737616,63993.61310081195
33,School_33,14,District_14,2009,1243814400000000000,math,82.94868227821429,44693.758042737616,63993.61310081195
33,School_33,14,District_14,2010,,none,77.64099407233985,44693.758042737616,63993.61310081195
33,School_33,14,District_14,2011,,none,78.09811377690313,44693.758042737616,63993.61310081195
33,School_33,14,District_14,2012,,none,79.02548066459433,44693.758042737616,63993.61310081195
33,School_33,14,District_14,2013,,none,76.94940275650193,44693.758042737616,63993.61310081195
33,School_33,14,District_14,2014,,none,75.5464610431427,44693.758042737616,63993.61310081195
33,School_33,14,District_14,2015,,none,75.87387607435467,44693.758042737616,63993.61310081195
33,School_33,14,District_14,2016,,none,75.8931533855966,44693.758042737616,63993.61310081195
33,School_33,14,District_14,2017,,none,74.92150530020815,44693.758042737616,63993.61310081195
33,School_33,14,District_14,2018,,none,77.45777757500535,44693.758042737616,63993.61310081195
33,School_33,14,District_14,2019,,none,75.56313414050342,44693.758042737616,63993.61310081195
34,School_34,15,District_15,2000,,none,76.2498501614257,46200.65733989574,67083.06250206723
34,School_34,15,District_15,2001,,none,75.54279563160073,46200.65733989574,67083.06250206723
34,School_34,15,District_15,2002,,none,75.77690153243697,46200.65733989574,67083.06250206723
34,School_34,15,District_15,2003,,none,76.97225781467971,46200.65733989574,67083.06250206723
34,School_34,15,District_15,2004,,none,74.7763462702449,46200.65733989574,67083.06250206723
34,School_34,15,District_15,2005,,none,77.13792661089555,46200.65733989574,67083.06250206723
34,School_34,15,District_15,2006,,none,78.9947602522999,46200.65733989574,67083.06250206723
34,School_34,15,District_15,2007,,none,76.54636268492551,46200.65733989574,67083.06250206723
34,School_34,15,District_15,2008,,none,74.29595314847707,46200.65733989574,67083.06250206723
34,School_34,15,District_15,2009,,none,74.6301084963424,46200.65733989574,67083.06250206723
34,School_34,15,District_15,2010,,none,75.36361871745177,46200.65733989574,67083.06250206723
34,School_34,15,District_15,2011,,none,74.67036392488286,46200.65733989574,67083.06250206723
34,School_34,15,District_15,2012,,none,73.8777838998019,46200.65733989574,67083.06250206723
34,School_34,15,District_15,2013,,none,76.16895907294538,46200.65733989574,67083.06250206723
34,School_34,15,District_15,2014,,none,75.4177498555704,46200.65733989574,67083.06250206723
34,School_34,15,District_15,2015,,none,76.23958628613812,46200.65733989574,67083.06250206723
34,School_34,15,District_15,2016,,none,78.23291934345258,46200.65733989574,67083.06250206723
34,School_34,15,District_15,2017,,none,75.38743885117329,46200.65733989574,67083.06250206723
34,School_34,15,District_15,2018,,none,73.48930450966138,46200.65733989574,67083.06250206723
34,School_34,15,District_15,2019,,none,75.0623595345149,46200.65733989574,67083.06250206723
35,School_35,15,District_15,2000,,none,69.67525448598148,46200.65733989574,67083.06250206723
35,School_35,15,District_15,2001,,none,69.4879445931821,46200.65733989574,67083.06250206723
35,School_35,15,District_15,2002,,none,69.17168334697533,46200.65733989574,67083.06250206723
35,School_35,15,District_15,2003,,none,66.88499060542398,46200.65733989574,67083.06250206723
35,School_35,15,District_15,2004,,none,69.6382092878136,46200.65733989574,67083.06250206723
35,School_35,15,District_15,2005,,none,70.08820220782232,46200.65733989574,67083.06250206723
35,School_35,15,District_15,2006,,none,66.74356079196824,46200.65733989574,67083.06250206723
35,School_35,15,District_15,2007,,none,68.05126385666314,46200.65733989574,67083.06250206723
35,School_35,15,District_15,2008,1212278400000000000,math,74.09139712912558,46200.65733989574,67083.06250206723
35,School_35,15,District_15,2009,,none,66.65465549882141,46200.65733989574,67083.06250206723
35,School_35,15,District_15,2010,,none,64.72423071326074,46200.65733989574,67083.06250206723
35,School_35,15,District_15,2011,,none,70.90021292067779,46200.65733989574,67083.06250206723
35,School_35,15,District_15,2012,,none,70.40761359515731,46200.65733989574,67083.06250206723
35,School_35,15,District_15,2013,,none,67.22046940459335,46200.65733989574,67083.06250206723
35,School_35,15,District_15,2014,,none,67.90842048801201,46200.65733989574,67083.06250206723
35,School_35,15,District_15,2015,,none,65.68453395137028,46200.65733989574,67083.06250206723
35,School_35,15,District_15,2016,,none,68.3123085969676,46200.65733989574,67083.06250206723
35,School_35,15,District_15,2017,,none,70.466231482491,46200.65733989574,67083.06250206723
35,School_35,15,District_15,2018,,none,67.04919436823164,46200.65733989574,67083.06250206723
35,School_35,15,District_15,2019,,none,69.88860800932078,46200.65733989574,67083.06250206723
36,School_36,8,District_8,2000,,none,73.44543303550496,66139.47783322327,70675.28204687923
36,School_36,8,District_8,2001,,none,73.67361910248637,66139.47783322327,70675.28204687923
36,School_36,8,District_8,2002,,none,71.54936695955136,66139.47783322327,70675.28204687923
36,School_36,8,District_8,2003,,none,71.80873695485711,66139.47783322327,70675.28204687923
36,School_36,8,District_8,2004,,none,68.82444045178129,66139.47783322327,70675.28204687923
36,School_36,8,District_8,2005,,none,71.38464649570388,66139.47783322327,70675.28204687923
36,School_36,8,District_8,2006,,none,74.84495623678662,66139.47783322327,70675.28204687923
36,School_36,8,District_8,2007,,none,70.65932093251955,66139.47783322327,70675.28204687923
36,School_36,8,District_8,2008,,none,70.95738201301029,66139.47783322327,70675.28204687923
36,School_36,8,District_8,2009,,none,73.79836496813834,66139.47783322327,70675.28204687923
36,School_36,8,District_8,2010,,none,73.32352190471028,66139.47783322327,70675.28204687923
36,School_36,8,District_8,2011,,none,73.8977118203167,66139.47783322327,70675.28204687923
36,School_36,8,District_8,2012,,none,70.19154424054328,66139.47783322327,70675.28204687923
36,School_36,8,District_8,2013,1370044800000000000,math,82.45944242457034,66139.47783322327,70675.28204687923
36,School_36,8,District_8,2014,,none,70.0864785723896,66139.47783322327,70675.28204687923
36,School_36,8,District_8,2015,,none,72.82647994819223,66139.47783322327,70675.28204687923
36,School_36,8,District_8,2016,,none,72.20067432898692,66139.47783322327,70675.28204687923
36,School_36,8,District_8,2017,,none,70.144702285994,66139.47783322327,70675.28204687923
36,School_36,8,District_8,2018,,none,71.7775664750976,66139.47783322327,70675.28204687923
36,School_36,8,District_8,2019,,none,72.56460052249584,66139.47783322327,70675.28204687923
37,School_37,14,District_14,2000,,none,82.61974380872225,44693.758042737616,63993.61310081195
37,School_37,14,District_14,2001,,none,85.79413747551888,44693.758042737616,63993.61310081195
37,School_37,14,District_14,2002,,none,83.59643874152424,44693.758042737616,63993.61310081195
37,School_37,14,District_14,2003,,none,81.2371408904126,44693.758042737616,63993.61310081195
37,School_37,14,District_14,2004,,none,81.06743916711059,44693.758042737616,63993.61310081195
37,School_37,14,District_14,2005,1117584000000000000,math,88.72312902721063,44693.758042737616,63993.61310081195
37,School_37,14,District_14,2006,,none,80.94614866704852,44693.758042737616,63993.61310081195
37,School_37,14,District_14,2007,,none,84.55254237854736,44693.758042737616,63993.61310081195
37,School_37,14,District_14,2008,,none,84.8090006037831,44693.758042737616,63993.61310081195
37,School_37,14,District_14,2009,,none,81.92897950460114,44693.758042737616,63993.61310081195
37,School_37,14,District_14,2010,,none,85.70116639999897,44693.758042737616,63993.61310081195
37,School_37,14,District_14,2011,,none,80.48410298492593,44693.758042737616,63993.61310081195
37,School_37,14,District_14,2012,,none,84.5126081004463,44693.758042737616,63993.61310081195
37,School_37,14,District_14,2013,,none,83.83797436525717,44693.758042737616,63993.61310081195
37,School_37,14,District_14,2014,,none,83.6816942809874,44693.758042737616,63993.61310081195
37,School_37,14,District_14,2015,,none,81.56389694648804,44693.758042737616,63993.61310081195
37,School_37,14,District_14,2016,,none,82.04564622364933,44693.758042737616,63993.61310081195
37,School_37,14,District_14,2017,,none,87.15729428249038,44693.758042737616,63993.61310081195
37,School_37,14,District_14,2018,,none,86.35000025019269,44693.758042737616,63993.61310081195
37,School_37,14,District_14,2019,,none,85.40385940949677,44693.758042737616,63993.61310081195
38,School_38,7,District_7,2000,,none,71.72376221622517,72633.70252405913,67742.23699513465
38,School_38,7,District_7,2001,,none,71.53609309850832,72633.70252405913,67742.23699513465
38,School_38,7,District_7,2002,,none,69.19735358459337,72633.70252405913,67742.23699513465
38,School_38,7,District_7,2003,,none,69.9392731127945,72633.70252405913,67742.23699513465
38,School_38,7,District_7,2004,,none,66.89904925308377,72633.70252405913,67742.23699513465
38,School_38,7,District_7,2005,,none,69.66467475555073,72633.70252405913,67742.23699513465
38,School_38,7,District_7,2006,,none,72.21089450824417,72633.70252405913,67742.23699513465
38,School_38,7,District_7,2007,,none,68.52265151265152,72633.70252405913,67742.23699513465
38,School_38,7,District_7,2008,,none,71.89034841854024,72633.70252405913,67742.23699513465
38,School_38,7,District_7,2009,1243814400000000000,math,74.42408568836665,72633.70252405913,67742.23699513465
38,School_38,7,District_7,2010,,none,67.07332227782632,72633.70252405913,67742.23699513465
38,School_38,7,District_7,2011,,none,67.62942698247316,72633.70252405913,67742.23699513465
38,School_38,7,District_7,2012,,none,71.6826717485813,72633.70252405913,67742.23699513465
38,School_38,7,District_7,2013,,none,70.94911417968255,72633.70252405913,67742.23699513465
38,School_38,7,District_7,2014,,none,70.04759415514104,72633.70252405913,67742.23699513465
38,School_38,7,District_7,2015,,none,69.29600238066989,72633.70252405913,67742.23699513465
38,School_38,7,District_7,2016,,none,70.26520196442296,72633.70252405913,67742.23699513465
38,School_38,7,District_7,2017,,none,71.60465850767228,72633.70252405913,67742.23699513465
38,School_38,7,District_7,2018,,none,72.79577257014036,72633.70252405913,67742.23699513465
38,School_38,7,District_7,2019,,none,72.89143440804699,72633.70252405913,67742.23699513465
39,School_39,12,District_12,2000,,none,70.68600320260703,56274.16197143795,58490.06422577697
39,School_39,12,District_12,2001,,none,69.59822002036098,56274.16197143795,58490.06422577697
39,School_39,12,District_12,2002,,none,70.23457941672774,56274.16197143795,58490.06422577697
39,School_39,12,District_12,2003,,none,70.98632411560018,56274.16197143795,58490.06422577697
39,School_39,12,District_12,2004,,none,70.97821728878021,56274.16197143795,58490.06422577697
39,School_39,12,District_12,2005,,none,72.55805667537024,56274.16197143795,58490.06422577697
39,School_39,12,District_12,2006,,none,74.17359484492334,56274.16197143795,58490.06422577697
39,School_39,12,District_12,2007,,none,69.53157414186185,56274.16197143795,58490.06422577697
39,School_39,12,District_12,2008,1212278400000000000,math,76.39991351035125,56274.16197143795,58490.06422577697
39,School_39,12,District_12,2009,,none,72.28656189460682,56274.16197143795,58490.06422577697
39,School_39,12,District_12,2010,,none,69.74043742071962,56274.16197143795,58490.06422577697
39,School_39,12,District_12,2011,,none,72.93921307882019,56274.16197143795,58490.06422577697
39,School_39,12,District_12,2012,,none,73.31338000392836,56274.16197143795,58490.06422577697
39,School_39,12,District_12,2013,,none,69.02149251270234,56274.16197143795,58490.06422577697
39,School_39,12,District_12,2014,,none,73.40651390606132,56274.16197143795,58490.06422577697
39,School_39,12,District_12,2015,,none,72.09224904316196,56274.16197143795,58490.06422577697
39,School_39,12,District_12,2016,,none,74.67920165704841,56274.16197143795,58490.06422577697
39,School_39,12,District_12,2017,,none,69.09400623709104,56274.16197143795,58490.06422577697
39,School_39,12,District_12,2018,,none,69.23522991361804,56274.16197143795,58490.06422577697
39,School_39,12,District_12,2019,,none,65.88875914160334,56274.16197143795,58490.06422577697
40,School_40,9,District_9,2000,,none,72.09538136670854,56244.204912520385,55752.51813786543
40,School_40,9,District_9,2001,,none,71.70349603681005,56244.204912520385,55752.51813786543
40,School_40,9,District_9,2002,,none,69.82700618250128,56244.204912520385,55752.51813786543
40,School_40,9,District_9,2003,,none,70.78929206259649,56244.204912520385,55752.51813786543
40,School_40,9,District_9,2004,,none,68.33055150522237,56244.204912520385,55752.51813786543
40,School_40,9,District_9,2005,,none,73.34988343123598,56244.204912520385,55752.51813786543
40,School_40,9,District_9,2006,,none,69.97359457651599,56244.204912520385,55752.51813786543
40,School_40,9,District_9,2007,1180656000000000000,math,79.21756616504578,56244.204912520385,55752.51813786543
40,School_40,9,District_9,2008,,none,70.60179092415055,56244.204912520385,55752.51813786543
40,School_40,9,District_9,2009,,none,69.43375584347599,56244.204912520385,55752.51813786543
40,School_40,9,District_9,2010,,none,70.12836728810288,56244.204912520385,55752.51813786543
40,School_40,9,District_9,2011,,none,68.12907157248411,56244.204912520385,55752.51813786543
40,School_40,9,District_9,2012,,none,71.91753730697849,56244.204912520385,55752.51813786543
40,School_40,9,District_9,2013,,none,70.11319412601436,56244.204912520385,55752.51813786543
40,School_40,9,District_9,2014,,none,73.21549910636809,56244.204912520385,55752.51813786543
40,School_40,9,District_9,2015,,none,70.40349853522378,56244.204912520385,55752.51813786543
40,School_40,9,District_9,2016,,none,73.7218777489439,56244.204912520385,55752.51813786543
40,School_40,9,District_9,2017,,none,72.46790502420669,56244.204912520385,55752.51813786543
40,School_40,9,District_9,2018,,none,71.0101870790093,56244.204912520385,55752.51813786543
40,School_40,9,District_9,2019,,none,74.11345870027425,56244.204912520385,55752.51813786543
41,School_41,14,District_14,2000,,none,74.93946546991754,44693.758042737616,63993.61310081195
41,School_41,14,District_14,2001,,none,78.92730420116958,44693.758042737616,63993.61310081195
41,School_41,14,District_14,2002,,none,72.21596805788671,44693.758042737616,63993.61310081195
41,School_41,14,District_14,2003,,none,73.18811075876005,44693.758042737616,63993.61310081195
41,School_41,14,District_14,2004,,none,76.17229656986498,44693.758042737616,63993.61310081195
41,School_41,14,District_14,2005,,none,69.94780292417289,44693.758042737616,63993.61310081195
41,School_41,14,District_14,2006,,none,75.66876567430825,44693.758042737616,63993.61310081195
41,School_41,14,District_14,2007,,none,73.91348406320606,44693.758042737616,63993.61310081195
41,School_41,14,District_14,2008,,none,71.25845703694863,44693.758042737616,63993.61310081195
41,School_41,14,District_14,2009,,none,70.30879923074087,44693.758042737616,63993.61310081195
41,School_41,14,District_14,2010,,none,71.68989960158255,44693.758042737616,63993.61310081195
41,School_41,14,District_14,2011,1306886400000000000,math,71.10663008373443,44693.758042737616,63993.61310081195
41,School_41,14,District_14,2012,,none,72.05579966046011,44693.758042737616,63993.61310081195
41,School_41,14,District_14,2013,,none,74.27999121452828,44693.758042737616,63993.61310081195
41,School_41,14,District_14,2014,,none,72.08227726590546,44693.758042737616,63993.61310081195
41,School_41,14,District_14,2015,,none,75.81150395071074,44693.758042737616,63993.61310081195
41,School_41,14,District_14,2016,,none,76.3547737532937,44693.758042737616,63993.61310081195
41,School_41,14,District_14,2017,,none,75.58616751309467,44693.758042737616,63993.61310081195
41,School_41,14,District_14,2018,,none,73.49616036837185,44693.758042737616,63993.61310081195
41,School_41,14,District_14,2019,,none,68.38552000287018,44693.758042737616,63993.61310081195
42,School_42,8,District_8,2000,,none,66.84809910207103,66139.47783322327,70675.28204687923
42,School_42,8,District_8,2001,,none,67.97141703258747,66139.47783322327,70675.28204687923
42,School_42,8,District_8,2002,,none,66.46775878712661,66139.47783322327,70675.28204687923
42,School_42,8,District_8,2003,,none,67.9764831351631,66139.47783322327,70675.28204687923
42,School_42,8,District_8,2004,,none,71.475629023523,66139.47783322327,70675.28204687923
42,School_42,8,District_8,2005,,none,64.9639410271056,66139.47783322327,70675.28204687923
42,School_42,8,District_8,2006,,none,71.8788781983743,66139.47783322327,70675.28204687923
42,School_42,8,District_8,2007,,none,70.02494692964451,66139.47783322327,70675.28204687923
42,School_42,8,District_8,2008,,none,68.79192770269162,66139.47783322327,70675.28204687923
42,School_42,8,District_8,2009,,none,66.82826097465471,66139.47783322327,70675.28204687923
42,School_42,8,District_8,2010,,none,66.50759339515339,66139.47783322327,70675.28204687923
42,School_42,8,District_8,2011,1306886400000000000,math,67.17899981541974,66139.47783322327,70675.28204687923
42,School_42,8,District_8,2012,,none,71.68902504676501,66139.47783322327,70675.28204687923
42,School_42,8,District_8,2013,,none,71.33071720628432,66139.47783322327,70675.28204687923
42,School_42,8,District_8,2014,,none,65.44292482896968,66139.47783322327,70675.28204687923
42,School_42,8,District_8,2015,,none,67.15023809632383,66139.47783322327,70675.28204687923
42,School_42,8,District_8,2016,,none,69.12178362460006,66139.47783322327,70675.28204687923
42,School_42,8,District_8,2017,,none,67.65647580979183,66139.47783322327,70675.28204687923
42,School_42,8,District_8,2018,,none,64.4181445720726,66139.47783322327,70675.28204687923
42,School_42,8,District_8,2019,,none,66.93994856502486,66139.47783322327,70675.28204687923
43,School_43,5,District_5,2000,,none,76.93271541153547,58126.77300221331,55876.962986647086
43,School_43,5,District_5,2001,,none,71.85068963466654,58126.77300221331,55876.962986647086
43,School_43,5,District_5,2002,,none,72.70371214209102,58126.77300221331,55876.962986647086
43,School_43,5,District_5,2003,,none,70.74029196742467,58126.77300221331,55876.962986647086
43,School_43,5,District_5,2004,,none,74.20617278606292,58126.77300221331,55876.962986647086
43,School_43,5,District_5,2005,,none,73.26095041354459,58126.77300221331,55876.962986647086
43,School_43,5,District_5,2006,,none,71.54660733238147,58126.77300221331,55876.962986647086
43,School_43,5,District_5,2007,,none,70.42133602388058,58126.77300221331,55876.962986647086
43,School_43,5,District_5,2008,,none,75.83973356351719,58126.77300221331,55876.962986647086
43,School_43,5,District_5,2009,,none,69.81956000221327,58126.77300221331,55876.962986647086
43,School_43,5,District_5,2010,,none,74.03827820667453,58126.77300221331,55876.962986647086
43,School_43,5,District_5,2011,,none,68.72288832607228,58126.77300221331,55876.962986647086
43,School_43,5,District_5,2012,,none,74.4450701815202,58126.77300221331,55876.962986647086
43,School_43,5,District_5,2013,1370044800000000000,math,78.67660980024401,58126.77300221331,55876.962986647086
43,School_43,5,District_5,2014,,none,75.22021423877526,58126.77300221331,55876.962986647086
43,School_43,5,District_5,2015,,none,72.7082298783557,58126.77300221331,55876.962986647086
43,School_43,5,District_5,2016,,none,76.19865402662282,58126.77300221331,55876.962986647086
43,School_43,5,District_5,2017,,none,77.64623020548757,58126.77300221331,55876.962986647086
43,School_43,5,District_5,2018,,none,72.3874005434035,58126.77300221331,55876.962986647086
43,School_43,5,District_5,2019,,none,72.12863675523558,58126.77300221331,55876.962986647086
44,School_44,13,District_13,2000,,none,60.57720655194187,61935.698172528275,73756.98018345672
44,School_44,13,District_13,2001,,none,59.323491739463584,61935.698172528275,73756.98018345672
44,School_44,13,District_13,2002,,none,59.03111163923176,61935.698172528275,73756.98018345672
44,School_44,13,District_13,2003,,none,59.205374950768984,61935.698172528275,73756.98018345672
44,School_44,13,District_13,2004,,none,63.71036404726449,61935.698172528275,73756.98018345672
44,School_44,13,District_13,2005,,none,61.822616021322865,61935.698172528275,73756.98018345672
44,School_44,13,District_13,2006,,none,59.31695977673582,61935.698172528275,73756.98018345672
44,School_44,13,District_13,2007,,none,55.36860197980743,61935.698172528275,73756.98018345672
44,School_44,13,District_13,2008,1212278400000000000,math,59.43879698711262,61935.698172528275,73756.98018345672
44,School_44,13,District_13,2009,,none,61.28571019645575,61935.698172528275,73756.98018345672
44,School_44,13,District_13,2010,,none,56.03574014847437,61935.698172528275,73756.98018345672
44,School_44,13,District_13,2011,,none,60.86483908615591,61935.698172528275,73756.98018345672
44,School_44,13,District_13,2012,,none,58.14772458152195,61935.698172528275,73756.98018345672
44,School_44,13,District_13,2013,,none,60.46246358041335,61935.698172528275,73756.98018345672
44,School_44,13,District_13,2014,,none,60.40656463392028,61935.698172528275,73756.98018345672
44,School_44,13,District_13,2015,,none,60.52003189903342,61935.698172528275,73756.98018345672
44,School_44,13,District_13,2016,,none,59.490008337094956,61935.698172528275,73756.98018345672
44,School_44,13,District_13,2017,,none,59.42428078003653,61935.698172528275,73756.98018345672
44,School_44,13,District_13,2018,,none,58.837271193379124,61935.698172528275,73756.98018345672
44,School_44,13,District_13,2019,,none,61.24663666573578,61935.698172528275,73756.98018345672
45,School_45,2,District_2,2000,,none,73.29237916849316,58893.885590630525,59871.68879665576
45,School_45,2,District_2,2001,,none,69.244048773859,58893.885590630525,59871.68879665576
45,School_45,2,District_2,2002,,none,71.57873687434672,58893.885590630525,59871.68879665576
45,School_45,2,District_2,2003,,none,72.07515796590674,58893.885590630525,59871.68879665576
45,School_45,2,District_2,2004,,none,72.04953608817735,58893.885590630525,59871.68879665576
45,School_45,2,District_2,2005,,none,72.01553305812429,58893.885590630525,59871.68879665576
45,School_45,2,District_2,2006,,none,70.8779241982408,58893.885590630525,59871.68879665576
45,School_45,2,District_2,2007,,none,72.24005466985633,58893.885590630525,59871.68879665576
45,School_45,2,District_2,2008,1212278400000000000,math,74.74638138283122,58893.885590630525,59871.68879665576
45,School_45,2,District_2,2009,,none,71.9640671305764,58893.885590630525,59871.68879665576
45,School_45,2,District_2,2010,,none,72.69387349199872,58893.885590630525,59871.68879665576
45,School_45,2,District_2,2011,,none,73.66270064100628,58893.885590630525,59871.68879665576
45,School_45,2,District_2,2012,,none,67.98011310314072,58893.885590630525,59871.68879665576
45,School_45,2,District_2,2013,,none,73.568921502662,58893.885590630525,59871.68879665576
45,School_45,2,District_2,2014,,none,72.36684934937381,58893.885590630525,59871.68879665576
45,School_45,2,District_2,2015,,none,69.4587431634538,58893.885590630525,59871.68879665576
45,School_45,2,District_2,2016,,none,73.28693558357064,58893.885590630525,59871.68879665576
45,School_45,2,District_2,2017,,none,70.88535200688334,58893.885590630525,59871.68879665576
45,School_45,2,District_2,2018,,none,71.15806094629416,58893.885590630525,59871.68879665576
45,School_45,2,District_2,2019,,none,70.66663425399993,58893.885590630525,59871.68879665576
46,School_46,15,District_15,2000,,none,70.85794674305228,46200.65733989574,67083.06250206723
46,School_46,15,District_15,2001,,none,68.68244276955173,46200.65733989574,67083.06250206723
46,School_46,15,District_15,2002,,none,72.0560983144714,46200.65733989574,67083.06250206723
46,School_46,15,District_15,2003,,none,69.97542388018648,46200.65733989574,67083.06250206723
46,School_46,15,District_15,2004,,none,69.52474408759996,46200.65733989574,67083.06250206723
46,School_46,15,District_15,2005,,none,71.75890040980377,46200.65733989574,67083.06250206723
46,School_46,15,District_15,2006,,none,69.61403552993767,46200.65733989574,67083.06250206723
46,School_46,15,District_15,2007,1180656000000000000,math,75.29151811755567,46200.65733989574,67083.06250206723
46,School_46,15,District_15,2008,,none,72.21233495625756,46200.65733989574,67083.06250206723
46,School_46,15,District_15,2009,,none,67.58354137813788,46200.65733989574,67083.06250206723
46,School_46,15,District_15,2010,,none,72.47166945902168,46200.65733989574,67083.06250206723
46,School_46,15,District_15,2011,,none,67.32907711157206,46200.65733989574,67083.06250206723
46,School_46,15,District_15,2012,,none,72.59631010834084,46200.65733989574,67083.06250206723
46,School_46,15,District_15,2013,,none,74.3098634390363,46200.65733989574,67083.06250206723
46,School_46,15,District_15,2014,,none,72.0028179311141,46200.65733989574,67083.06250206723
46,School_46,15,District_15,2015,,none,65.93918776517648,46200.65733989574,67083.06250206723
46,School_46,15,District_15,2016,,none,72.38028049334787,46200.65733989574,67083.06250206723
46,School_46,15,District_15,2017,,none,74.74540698644785,46200.65733989574,67083.06250206723
46,School_46,15,District_15,2018,,none,69.64708577257977,46200.65733989574,67083.06250206723
46,School_46,15,District_15,2019,,none,70.18374241451605,46200.65733989574,67083.06250206723
47,School_47,5,District_5,2000,,none,66.53574167162702,58126.77300221331,55876.962986647086
47,School_47,5,District_5,2001,,none,69.53687395311923,58126.77300221331,55876.962986647086
47,School_47,5,District_5,2002,,none,71.45106948056615,58126.77300221331,55876.962986647086
47,School_47,5,District_5,2003,,none,70.3081893717788,58126.77300221331,55876.962986647086
47,School_47,5,District_5,2004,,none,75.19664907005549,58126.77300221331,55876.962986647086
47,School_47,5,District_5,2005,,none,68.97876920141148,58126.77300221331,55876.962986647086
47,School_47,5,District_5,2006,,none,65.65136838064936,58126.77300221331,55876.962986647086
47,School_47,5,District_5,2007,1180656000000000000,math,70.9646708827911,58126.77300221331,55876.962986647086
47,School_47,5,District_5,2008,,none,64.0798115850549,58126.77300221331,55876.962986647086
47,School_47,5,District_5,2009,,none,67.84650726575086,58126.77300221331,55876.962986647086
47,School_47,5,District_5,2010,,none,72.1614792326803,58126.77300221331,55876.962986647086
47,School_47,5,District_5,2011,,none,69.56298241274342,58126.77300221331,55876.962986647086
47,School_47,5,District_5,2012,,none,69.27154874114242,58126.77300221331,55876.962986647086
47,School_47,5,District_5,2013,,none,72.5542758689106,58126.77300221331,55876.962986647086
47,School_47,5,District_5,2014,,none,68.37151533215314,58126.77300221331,55876.962986647086
47,School_47,5,District_5,2015,,none,71.4363559413481,58126.77300221331,55876.962986647086
47,School_47,5,District_5,2016,,none,69.17132906581257,58126.77300221331,55876.962986647086
47,School_47,5,District_5,2017,,none,69.67281004239794,58126.77300221331,55876.962986647086
47,School_47,5,District_5,2018,,none,66.47810540375386,58126.77300221331,55876.962986647086
47,School_47,5,District_5,2019,,none,67.94862152582346,58126.77300221331,55876.962986647086
48,School_48,8,District_8,2000,,none,64.82867679230988,66139.47783322327,70675.28204687923
48,School_48,8,District_8,2001,,none,67.43322310154693,66139.47783322327,70675.28204687923
48,School_48,8,District_8,2002,,none,68.40451794583015,66139.47783322327,70675.28204687923
48,School_48,8,District_8,2003,,none,65.40363704781471,66139.47783322327,70675.28204687923
48,School_48,8,District_8,2004,,none,71.72207110336727,66139.47783322327,70675.28204687923
48,School_48,8,District_8,2005,,none,68.17992529618154,66139.47783322327,70675.28204687923
48,School_48,8,District_8,2006,,none,67.73930442916806,66139.47783322327,70675.28204687923
48,School_48,8,District_8,2007,,none,69.16302876068887,66139.47783322327,70675.28204687923
48,School_48,8,District_8,2008,,none,65.96585709626578,66139.47783322327,70675.28204687923
48,School_48,8,District_8,2009,,none,67.95066821633253,66139.47783322327,70675.28204687923
48,School_48,8,District_8,2010,,none,66.18998081728245,66139.47783322327,70675.28204687923
48,School_48,8,District_8,2011,1306886400000000000,math,71.9416091467002,66139.47783322327,70675.28204687923
48,School_48,8,District_8,2012,,none,65.50643455920346,66139.47783322327,70675.28204687923
48,School_48,8,District_8,2013,,none,67.75004417661196,66139.47783322327,70675.28204687923
48,School_48,8,District_8,2014,,none,68.28234482830118,66139.47783322327,70675.28204687923
48,School_48,8,District_8,2015,,none,68.41336474681303,66139.47783322327,70675.28204687923
48,School_48,8,District_8,2016,,none,66.46124291183196,66139.47783322327,70675.28204687923
48,School_48,8,District_8,2017,,none,65.83269445370743,66139.47783322327,70675.28204687923
48,School_48,8,District_8,2018,,none,66.49012291190543,66139.47783322327,70675.28204687923
48,School_48,8,District_8,2019,,none,68.68036412641818,66139.47783322327,70675.28204687923
49,School_49,10,District_10,2000,,none,66.665441578754,64340.48034868772,64556.17275474817
49,School_49,10,District_10,2001,,none,68.54555073748297,64340.48034868772,64556.17275474817
49,School_49,10,District_10,2002,,none,67.90714055936807,64340.48034868772,64556.17275474817
49,School_49,10,District_10,2003,,none,62.399307724378716,64340.48034868772,64556.17275474817
49,School_49,10,District_10,2004,,none,67.44812871425235,64340.48034868772,64556.17275474817
49,School_49,10,District_10,2005,,none,71.45404265621048,64340.48034868772,64556.17275474817
49,School_49,10,District_10,2006,,none,69.6036712226546,64340.48034868772,64556.17275474817
49,School_49,10,District_10,2007,,none,67.79715944199187,64340.48034868772,64556.17275474817
49,School_49,10,District_10,2008,,none,64.83434885963804,64340.48034868772,64556.17275474817
49,School_49,10,District_10,2009,,none,67.90824055282923,64340.48034868772,64556.17275474817
49,School_49,10,District_10,2010,1275350400000000000,math,71.56589023419572,64340.48034868772,64556.17275474817
49,School_49,10,District_10,2011,,none,66.44563975892277,64340.48034868772,64556.17275474817
49,School_49,10,District_10,2012,,none,67.5866172381868,64340.48034868772,64556.17275474817
49,School_49,10,District_10,2013,,none,69.97245803737002,64340.48034868772,64556.17275474817
49,School_49,10,District_10,2014,,none,65.23858428109448,64340.48034868772,64556.17275474817
49,School_49,10,District_10,2015,,none,64.83653391065968,64340.48034868772,64556.17275474817
49,School_49,10,District_10,2016,,none,68.33853177256636,64340.48034868772,64556.17275474817
49,School_49,10,District_10,2017,,none,67.86821839297409,64340.48034868772,64556.17275474817
49,School_49,10,District_10,2018,,none,69.01080971140355,64340.48034868772,64556.17275474817
49,School_49,10,District_10,2019,,none,68.09272074438547,64340.48034868772,64556.17275474817
50,School_50,9,District_9,2000,,none,64.7968843888515,56244.204912520385,55752.51813786543
50,School_50,9,District_9,2001,,none,66.7967798181307,56244.204912520385,55752.51813786543
50,School_50,9,District_9,2002,,none,63.648141428607545,56244.204912520385,55752.51813786543
50,School_50,9,District_9,2003,,none,65.4317570917339,56244.204912520385,55752.51813786543
50,School_50,9,District_9,2004,,none,66.9379929771327,56244.204912520385,55752.51813786543
50,School_50,9,District_9,2005,1117584000000000000,math,66.46214603874189,56244.204912520385,55752.51813786543
50,School_50,9,District_9,2006,,none,70.86849887965954,56244.204912520385,55752.51813786543
50,School_50,9,District_9,2007,,none,62.14802601755255,56244.204912520385,55752.51813786543
50,School_50,9,District_9,2008,,none,64.83741380120227,56244.204912520385,55752.51813786543
50,School_50,9,District_9,2009,,none,64.05683484746007,56244.204912520385,55752.51813786543
50,School_50,9,District_9,2010,,none,64.53169690028398,56244.204912520385,55752.51813786543
50,School_50,9,District_9,2011,,none,64.64639806823813,56244.204912520385,55752.51813786543
50,School_50,9,District_9,2012,,none,63.279553141481905,56244.204912520385,55752.51813786543
50,School_50,9,District_9,2013,,none,67.43779881234514,56244.204912520385,55752.51813786543
50,School_50,9,District_9,2014,,none,64.83820392042568,56244.204912520385,55752.51813786543
50,School_50,9,District_9,2015,,none,66.25954118637719,56244.204912520385,55752.51813786543
50,School_50,9,District_9,2016,,none,65.0627429913794,56244.204912520385,55752.51813786543
50,School_50,9,District_9,2017,,none,64.55063369062746,56244.204912520385,55752.51813786543
50,School_50,9,District_9,2018,,none,69.27695298737359,56244.204912520385,55752.51813786543
50,School_50,9,District_9,2019,,none,67.7782588796187,56244.204912520385,55752.51813786543
51,School_51,12,District_12,2000,,none,54.67325795915057,56274.16197143795,58490.06422577697
51,School_51,12,District_12,2001,,none,54.461383862389084,56274.16197143795,58490.06422577697
51,School_51,12,District_12,2002,,none,60.49487643033383,56274.16197143795,58490.06422577697
51,School_51,12,District_12,2003,,none,57.36995197596335,56274.16197143795,58490.06422577697
51,School_51,12,District_12,2004,,none,55.11149409119241,56274.16197143795,58490.06422577697
51,School_51,12,District_12,2005,,none,60.50112902414154,56274.16197143795,58490.06422577697
51,School_51,12,District_12,2006,,none,58.74790685925904,56274.16197143795,58490.06422577697
51,School_51,12,District_12,2007,,none,58.9128009287255,56274.16197143795,58490.06422577697
51,School_51,12,District_12,2008,1212278400000000000,math,63.8040166993681,56274.16197143795,58490.06422577697
51,School_51,12,District_12,2009,,none,55.789704442496074,56274.16197143795,58490.06422577697
51,School_51,12,District_12,2010,,none,55.14665711629253,56274.16197143795,58490.06422577697
51,School_51,12,District_12,2011,,none,61.57156734886726,56274.16197143795,58490.06422577697
51,School_51,12,District_12,2012,,none,55.535325237576274,56274.16197143795,58490.06422577697
51,School_51,12,District_12,2013,,none,55.96518316490973,56274.16197143795,58490.06422577697
51,School_51,12,District_12,2014,,none,56.36478799996933,56274.16197143795,58490.06422577697
51,School_51,12,District_12,2015,,none,62.56955060644191,56274.16197143795,58490.06422577697
51,School_51,12,District_12,2016,,none,59.39642535988391,56274.16197143795,58490.06422577697
51,School_51,12,District_12,2017,,none,60.34047470793162,56274.16197143795,58490.06422577697
51,School_51,12,District_12,2018,,none,58.80199385021832,56274.16197143795,58490.06422577697
51,School_51,12,District_12,2019,,none,57.20588433665839,56274.16197143795,58490.06422577697
52,School_52,12,District_12,2000,,none,69.92249080730598,56274.16197143795,58490.06422577697
52,School_52,12,District_12,2001,,none,65.54667629919203,56274.16197143795,58490.06422577697
52,School_52,12,District_12,2002,,none,66.46934133659265,56274.16197143795,58490.06422577697
52,School_52,12,District_12,2003,,none,70.1258585993086,56274.16197143795,58490.06422577697
52,School_52,12,District_12,2004,,none,65.94539777913208,56274.16197143795,58490.06422577697
52,School_52,12,District_12,2005,,none,68.2817453024619,56274.16197143795,58490.06422577697
52,School_52,12,District_12,2006,,none,68.37288355207481,56274.16197143795,58490.06422577697
52,School_52,12,District_12,2007,,none,67.60258423411132,56274.16197143795,58490.06422577697
52,School_52,12,District_12,2008,1212278400000000000,math,66.36233756483513,56274.16197143795,58490.06422577697
52,School_52,12,District_12,2009,,none,67.40205045840825,56274.16197143795,58490.06422577697
52,School_52,12,District_12,2010,,none,67.00997148692066,56274.16197143795,58490.06422577697
52,School_52,12,District_12,2011,,none,68.98278796736103,56274.16197143795,58490.06422577697
52,School_52,12,District_12,2012,,none,68.88088931818457,56274.16197143795,58490.06422577697
52,School_52,12,District_12,2013,,none,69.4158311606594,56274.16197143795,58490.06422577697
52,School_52,12,District_12,2014,,none,67.30793569483684,56274.16197143795,58490.06422577697
52,School_52,12,District_12,2015,,none,69.70546414171743,56274.16197143795,58490.06422577697
52,School_52,12,District_12,2016,,none,65.54789477523828,56274.16197143795,58490.06422577697
52,School_52,12,District_12,2017,,none,65.01609877548093,56274.16197143795,58490.06422577697
52,School_52,12,District_12,2018,,none,63.988762792452384,56274.16197143795,58490.06422577697
52,School_52,12,District_12,2019,,none,67.66131376164165,56274.16197143795,58490.06422577697
53,School_53,12,District_12,2000,,none,73.97505249902834,56274.16197143795,58490.06422577697
53,School_53,12,District_12,2001,,none,77.06028017141465,56274.16197143795,58490.06422577697
53,School_53,12,District_12,2002,,none,74.18432377360772,56274.16197143795,58490.06422577697
53,School_53,12,District_12,2003,,none,76.02840164359398,56274.16197143795,58490.06422577697
53,School_53,12,District_12,2004,,none,77.1082421008716,56274.16197143795,58490.06422577697
53,School_53,12,District_12,2005,,none,74.10901079640722,56274.16197143795,58490.06422577697
53,School_53,12,District_12,2006,,none,76.0777533679198,56274.16197143795,58490.06422577697
53,School_53,12,District_12,2007,,none,77.48550404561584,56274.16197143795,58490.06422577697
53,School_53,12,District_12,2008,,none,73.00532339809432,56274.16197143795,58490.06422577697
53,School_53,12,District_12,2009,,none,75.53135362419474,56274.16197143795,58490.06422577697
53,School_53,12,District_12,2010,,none,74.11758018130682,56274.16197143795,58490.06422577697
53,School_53,12,District_12,2011,,none,73.13266918271917,56274.16197143795,58490.06422577697
53,School_53,12,District_12,2012,,none,72.408745466725,56274.16197143795,58490.06422577697
53,School_53,12,District_12,2013,1370044800000000000,math,73.8596780169283,56274.16197143795,58490.06422577697
53,School_53,12,District_12,2014,,none,75.60170695920948,56274.16197143795,58490.06422577697
53,School_53,12,District_12,2015,,none,72.25996003658196,56274.16197143795,58490.06422577697
53,School_53,12,District_12,2016,,none,74.38019489952818,56274.16197143795,58490.06422577697
53,School_53,12,District_12,2017,,none,77.10803776141125,56274.16197143795,58490.06422577697
53,School_53,12,District_12,2018,,none,76.37967087454332,56274.16197143795,58490.06422577697
53,School_53,12,District_12,2019,,none,74.42063370182913,56274.16197143795,58490.06422577697
54,School_54,13,District_13,2000,,none,71.70232570636325,61935.698172528275,73756.98018345672
54,School_54,13,District_13,2001,,none,72.10901770746912,61935.698172528275,73756.98018345672
54,School_54,13,District_13,2002,,none,68.37518974272525,61935.698172528275,73756.98018345672
54,School_54,13,District_13,2003,,none,63.38585904787719,61935.698172528275,73756.98018345672
54,School_54,13,District_13,2004,,none,70.09584127367832,61935.698172528275,73756.98018345672
54,School_54,13,District_13,2005,,none,63.734992199578635,61935.698172528275,73756.98018345672
54,School_54,13,District_13,2006,,none,71.27523710108593,61935.698172528275,73756.98018345672
54,School_54,13,District_13,2007,,none,70.49011468113041,61935.698172528275,73756.98018345672
54,School_54,13,District_13,2008,,none,71.87136988792184,61935.698172528275,73756.98018345672
54,School_54,13,District_13,2009,,none,68.84347599638126,61935.698172528275,73756.98018345672
54,School_54,13,District_13,2010,,none,67.60017334528213,61935.698172528275,73756.98018345672
54,School_54,13,District_13,2011,,none,67.42274261226535,61935.698172528275,73756.98018345672
54,School_54,13,District_13,2012,,none,67.23042453758401,61935.698172528275,73756.98018345672
54,School_54,13,District_13,2013,1370044800000000000,math,72.99128553685442,61935.698172528275,73756.98018345672
54,School_54,13,District_13,2014,,none,69.74748785865756,61935.698172528275,73756.98018345672
54,School_54,13,District_13,2015,,none,68.56339614651422,61935.698172528275,73756.98018345672
54,School_54,13,District_13,2016,,none,66.87858226379186,61935.698172528275,73756.98018345672
54,School_54,13,District_13,2017,,none,73.58137014224634,61935.698172528275,73756.98018345672
54,School_54,13,District_13,2018,,none,70.14769410757154,61935.698172528275,73756.98018345672
54,School_54,13,District_13,2019,,none,65.12752104009898,61935.698172528275,73756.98018345672
55,School_55,9,District_9,2000,,none,72.14305072263565,56244.204912520385,55752.51813786543
55,School_55,9,District_9,2001,,none,75.03911494932731,56244.204912520385,55752.51813786543
55,School_55,9,District_9,2002,,none,71.57648491204453,56244.204912520385,55752.51813786543
55,School_55,9,District_9,2003,,none,73.87865867216168,56244.204912520385,55752.51813786543
55,School_55,9,District_9,2004,,none,75.0771553551822,56244.204912520385,55752.51813786543
55,School_55,9,District_9,2005,,none,66.3987065891971,56244.204912520385,55752.51813786543
55,School_55,9,District_9,2006,1149120000000000000,math,76.10408185822789,56244.204912520385,55752.51813786543
55,School_55,9,District_9,2007,,none,73.03798106164014,56244.204912520385,55752.51813786543
55,School_55,9,District_9,2008,,none,72.35141784314231,56244.204912520385,55752.51813786543
55,School_55,9,District_9,2009,,none,73.77895302440199,56244.204912520385,55752.51813786543
55,School_55,9,District_9,2010,,none,74.49060196950165,56244.204912520385,55752.51813786543
55,School_55,9,District_9,2011,,none,73.45966464315912,56244.204912520385,55752.51813786543
55,School_55,9,District_9,2012,,none,72.42790796641103,56244.204912520385,55752.51813786543
55,School_55,9,District_9,2013,,none,74.44080535407844,56244.204912520385,55752.51813786543
55,School_55,9,District_9,2014,,none,73.27366957305861,56244.204912520385,55752.51813786543
55,School_55,9,District_9,2015,,none,72.71416192811894,56244.204912520385,55752.51813786543
55,School_55,9,District_9,2016,,none,70.55100398383206,56244.204912520385,55752.51813786543
55,School_55,9,District_9,2017,,none,70.05025318397774,56244.204912520385,55752.51813786543
55,School_55,9,District_9,2018,,none,70.51310316908176,56244.204912520385,55752.51813786543
55,School_55,9,District_9,2019,,none,73.73222087695032,56244.204912520385,55752.51813786543
56,School_56,13,District_13,2000,,none,64.44083815458487,61935.698172528275,73756.98018345672
56,School_56,13,District_13,2001,,none,61.63842745338265,61935.698172528275,73756.98018345672
56,School_56,13,District_13,2002,,none,65.89083130138519,61935.698172528275,73756.98018345672
56,School_56,13,District_13,2003,,none,67.34761467615576,61935.698172528275,73756.98018345672
56,School_56,13,District_13,2004,,none,63.4020084163649,61935.698172528275,73756.98018345672
56,School_56,13,District_13,2005,,none,61.11703193506082,61935.698172528275,73756.98018345672
56,School_56,13,District_13,2006,,none,63.180742879993744,61935.698172528275,73756.98018345672
56,School_56,13,District_13,2007,,none,66.30791690338697,61935.698172528275,73756.98018345672
56,School_56,13,District_13,2008,,none,65.69605536686711,61935.698172528275,73756.98018345672
56,School_56,13,District_13,2009,,none,62.754130277774614,61935.698172528275,73756.98018345672
56,School_56,13,District_13,2010,,none,67.64133992532706,61935.698172528275,73756.98018345672
56,School_56,13,District_13,2011,,none,67.29555578165036,61935.698172528275,73756.98018345672
56,School_56,13,District_13,2012,,none,63.13298352324429,61935.698172528275,73756.98018345672
56,School_56,13,District_13,2013,,none,63.11241564386764,61935.698172528275,73756.98018345672
56,School_56,13,District_13,2014,,none,63.413339775038594,61935.698172528275,73756.98018345672
56,School_56,13,District_13,2015,,none,63.584330099020484,61935.698172528275,73756.98018345672
56,School_56,13,District_13,2016,,none,66.50007166565446,61935.698172528275,73756.98018345672
56,School_56,13,District_13,2017,,none,65.44965377075076,61935.698172528275,73756.98018345672
56,School_56,13,District_13,2018,,none,66.35315318849875,61935.698172528275,73756.98018345672
56,School_56,13,District_13,2019,,none,65.94612593617097,61935.698172528275,73756.98018345672
57,School_57,15,District_15,2000,,none,66.90056636618202,46200.65733989574,67083.06250206723
57,School_57,15,District_15,2001,,none,61.35274114217627,46200.65733989574,67083.06250206723
57,School_57,15,District_15,2002,,none,64.23222929056239,46200.65733989574,67083.06250206723
57,School_57,15,District_15,2003,,none,59.12386971732515,46200.65733989574,67083.06250206723
57,School_57,15,District_15,2004,,none,60.83760108160083,46200.65733989574,67083.06250206723
57,School_57,15,District_15,2005,,none,63.32180545792485,46200.65733989574,67083.06250206723
57,School_57,15,District_15,2006,,none,64.30792545530362,46200.65733989574,67083.06250206723
57,School_57,15,District_15,2007,,none,63.26788074573541,46200.65733989574,67083.06250206723
57,School_57,15,District_15,2008,1212278400000000000,math,65.82860245585114,46200.65733989574,67083.06250206723
57,School_57,15,District_15,2009,,none,62.69267647480847,46200.65733989574,67083.06250206723
57,School_57,15,District_15,2010,,none,66.21039418264276,46200.65733989574,67083.06250206723
57,School_57,15,District_15,2011,,none,62.70344787403427,46200.65733989574,67083.06250206723
57,School_57,15,District_15,2012,,none,66.96999547388161,46200.65733989574,67083.06250206723
57,School_57,15,District_15,2013,,none,65.05954637687681,46200.65733989574,67083.06250206723
57,School_57,15,District_15,2014,,none,64.38658692209101,46200.65733989574,67083.06250206723
57,School_57,15,District_15,2015,,none,61.08431840915256,46200.65733989574,67083.06250206723
57,School_57,15,District_15,2016,,none,65.3419885525938,46200.65733989574,67083.06250206723
57,School_57,15,District_15,2017,,none,62.48397107429755,46200.65733989574,67083.06250206723
57,School_57,15,District_15,2018,,none,61.08263271378315,46200.65733989574,67083.06250206723
57,School_57,15,District_15,2019,,none,64.49719945595331,46200.65733989574,67083.06250206723
58,School_58,13,District_13,2000,,none,63.47029866352855,61935.698172528275,73756.98018345672
58,School_58,13,District_13,2001,,none,64.72170786040247,61935.698172528275,73756.98018345672
58,School_58,13,District_13,2002,,none,66.22595896172382,61935.698172528275,73756.98018345672
58,School_58,13,District_13,2003,,none,70.6830336328911,61935.698172528275,73756.98018345672
58,School_58,13,District_13,2004,,none,64.87235927307665,61935.698172528275,73756.98018345672
58,School_58,13,District_13,2005,,none,65.32975774606048,61935.698172528275,73756.98018345672
58,School_58,13,District_13,2006,,none,67.71088089350492,61935.698172528275,73756.98018345672
58,School_58,13,District_13,2007,,none,63.769599407909546,61935.698172528275,73756.98018345672
58,School_58,13,District_13,2008,,none,67.13180354670347,61935.698172528275,73756.98018345672
58,School_58,13,District_13,2009,,none,68.6580443998948,61935.698172528275,73756.98018345672
58,School_58,13,District_13,2010,,none,65.63200101523944,61935.698172528275,73756.98018345672
58,School_58,13,District_13,2011,,none,68.29849934745536,61935.698172528275,73756.98018345672
58,School_58,13,District_13,2012,,none,66.82909063108525,61935.698172528275,73756.98018345672
58,School_58,13,District_13,2013,,none,64.78482685705407,61935.698172528275,73756.98018345672
58,School_58,13,District_13,2014,,none,65.85058141286862,61935.698172528275,73756.98018345672
58,School_58,13,District_13,2015,,none,65.48667610470115,61935.698172528275,73756.98018345672
58,School_58,13,District_13,2016,,none,66.07091426902868,61935.698172528275,73756.98018345672
58,School_58,13,District_13,2017,,none,66.5516265831013,61935.698172528275,73756.98018345672
58,School_58,13,District_13,2018,,none,67.42259065460534,61935.698172528275,73756.98018345672
58,School_58,13,District_13,2019,,none,67.26352728383591,61935.698172528275,73756.98018345672
59,School_59,1,District_1,2000,,none,60.00907350887493,63973.713224089865,64377.12470759027
59,School_59,1,District_1,2001,,none,64.67788427385517,63973.713224089865,64377.12470759027
59,School_59,1,District_1,2002,,none,61.8536568245857,63973.713224089865,64377.12470759027
59,School_59,1,District_1,2003,,none,64.32104614646457,63973.713224089865,64377.12470759027
59,School_59,1,District_1,2004,,none,64.62492147577738,63973.713224089865,64377.12470759027
59,School_59,1,District_1,2005,,none,66.82479736756864,63973.713224089865,64377.12470759027
59,School_59,1,District_1,2006,,none,64.81226971719902,63973.713224089865,64377.12470759027
59,School_59,1,District_1,2007,,none,65.39093668808574,63973.713224089865,64377.12470759027
59,School_59,1,District_1,2008,,none,66.45861341271407,63973.713224089865,64377.12470759027
59,School_59,1,District_1,2009,,none,67.32800517103782,63973.713224089865,64377.12470759027
59,School_59,1,District_1,2010,1275350400000000000,math,67.79848850370126,63973.713224089865,64377.12470759027
59,School_59,1,District_1,2011,,none,65.06085953476004,63973.713224089865,64377.12470759027
59,School_59,1,District_1,2012,,none,64.89254725588373,63973.713224089865,64377.12470759027
59,School_59,1,District_1,2013,,none,63.78730272253707,63973.713224089865,64377.12470759027
59,School_59,1,District_1,2014,,none,63.33427020451444,63973.713224089865,64377.12470759027
59,School_59,1,District_1,2015,,none,60.32872881854735,63973.713224089865,64377.12470759027
59,School_59,1,District_1,2016,,none,62.71917878235056,63973.713224089865,64377.12470759027
59,School_59,1,District_1,2017,,none,61.315238984979615,63973.713224089865,64377.12470759027
59,School_59,1,District_1,2018,,none,67.38289762030573,63973.713224089865,64377.12470759027
59,School_59,1,District_1,2019,,none,65.24933266799408,63973.713224089865,64377.12470759027
60,School_60,9,District_9,2000,,none,63.83292399743107,56244.204912520385,55752.51813786543
60,School_60,9,District_9,2001,,none,62.64983157116257,56244.204912520385,55752.51813786543
60,School_60,9,District_9,2002,,none,64.14436046979398,56244.204912520385,55752.51813786543
60,School_60,9,District_9,2003,,none,62.38884218801407,56244.204912520385,55752.51813786543
60,School_60,9,District_9,2004,,none,64.43283905656594,56244.204912520385,55752.51813786543
60,School_60,9,District_9,2005,1117584000000000000,math,66.5169572880497,56244.204912520385,55752.51813786543
60,School_60,9,District_9,2006,,none,62.36203453861125,56244.204912520385,55752.51813786543
60,School_60,9,District_9,2007,,none,62.32387801367992,56244.204912520385,55752.51813786543
60,School_60,9,District_9,2008,,none,66.00920065251496,56244.204912520385,55752.51813786543
60,School_60,9,District_9,2009,,none,63.979082034742135,56244.204912520385,55752.51813786543
60,School_60,9,District_9,2010,,none,62.52276108479495,56244.204912520385,55752.51813786543
60,School_60,9,District_9,2011,,none,63.343789339945694,56244.204912520385,55752.51813786543
60,School_60,9,District_9,2012,,none,62.06361376991152,56244.204912520385,55752.51813786543
60,School_60,9,District_9,2013,,none,63.9504347820009,56244.204912520385,55752.51813786543
60,School_60,9,District_9,2014,,none,65.74805855865367,56244.204912520385,55752.51813786543
60,School_60,9,District_9,2015,,none,64.0294606081362,56244.204912520385,55752.51813786543
60,School_60,9,District_9,2016,,none,68.8120688306755,56244.204912520385,55752.51813786543
60,School_60,9,District_9,2017,,none,64.92752107942273,56244.204912520385,55752.51813786543
60,School_60,9,District_9,2018,,none,64.54471083900916,56244.204912520385,55752.51813786543
60,School_60,9,District_9,2019,,none,62.268197681393126,56244.204912520385,55752.51813786543
61,School_61,7,District_7,2000,,none,71.77180329875833,72633.70252405913,67742.23699513465
61,School_61,7,District_7,2001,,none,70.69084250637627,72633.70252405913,67742.23699513465
61,School_61,7,District_7,2002,,none,67.91757973563541,72633.70252405913,67742.23699513465
61,School_61,7,District_7,2003,,none,74.19739463670128,72633.70252405913,67742.23699513465
61,School_61,7,District_7,2004,,none,71.2259690813432,72633.70252405913,67742.23699513465
61,School_61,7,District_7,2005,,none,70.72807004377705,72633.70252405913,67742.23699513465
61,School_61,7,District_7,2006,,none,72.67001026036058,72633.70252405913,67742.23699513465
61,School_61,7,District_7,2007,,none,73.2738692968867,72633.70252405913,67742.23699513465
61,School_61,7,District_7,2008,,none,71.6073205266311,72633.70252405913,67742.23699513465
61,School_61,7,District_7,2009,1243814400000000000,math,75.95672803815222,72633.70252405913,67742.23699513465
61,School_61,7,District_7,2010,,none,73.74124500707246,72633.70252405913,67742.23699513465
61,School_61,7,District_7,2011,,none,71.52848300322377,72633.70252405913,67742.23699513465
61,School_61,7,District_7,2012,,none,72.85353767597033,72633.70252405913,67742.23699513465
61,School_61,7,District_7,2013,,none,68.93038095566536,72633.70252405913,67742.23699513465
61,School_61,7,District_7,2014,,none,69.76623219558816,72633.70252405913,67742.23699513465
61,School_61,7,District_7,2015,,none,73.45994974860447,72633.70252405913,67742.23699513465
61,School_61,7,District_7,2016,,none,69.66175291410906,72633.70252405913,67742.23699513465
61,School_61,7,District_7,2017,,none,72.71714528667026,72633.70252405913,67742.23699513465
61,School_61,7,District_7,2018,,none,71.95487262804951,72633.70252405913,67742.23699513465
61,School_61,7,District_7,2019,,none,71.5199356674032,72633.70252405913,67742.23699513465
62,School_62,9,District_9,2000,,none,77.23769618149436,56244.204912520385,55752.51813786543
62,School_62,9,District_9,2001,,none,80.71330175564056,56244.204912520385,55752.51813786543
62,School_62,9,District_9,2002,,none,82.35440402846947,56244.204912520385,55752.51813786543
62,School_62,9,District_9,2003,,none,79.4950060446302,56244.204912520385,55752.51813786543
62,School_62,9,District_9,2004,,none,79.53960315077545,56244.204912520385,55752.51813786543
62,School_62,9,District_9,2005,,none,77.52996045971481,56244.204912520385,55752.51813786543
62,School_62,9,District_9,2006,,none,76.50242725578104,56244.204912520385,55752.51813786543
62,School_62,9,District_9,2007,,none,78.81514390981746,56244.204912520385,55752.51813786543
62,School_62,9,District_9,2008,,none,76.94712242351366,56244.204912520385,55752.51813786543
62,School_62,9,District_9,2009,,none,75.34940146279817,56244.204912520385,55752.51813786543
62,School_62,9,District_9,2010,,none,80.50151334416097,56244.204912520385,55752.51813786543
62,School_62,9,District_9,2011,,none,80.59895529593348,56244.204912520385,55752.51813786543
62,School_62,9,District_9,2012,1338508800000000000,math,81.13708268000337,56244.204912520385,55752.51813786543
62,School_62,9,District_9,2013,,none,79.3825503619883,56244.204912520385,55752.51813786543
62,School_62,9,District_9,2014,,none,80.89852625501334,56244.204912520385,55752.51813786543
62,School_62,9,District_9,2015,,none,79.30467509355357,56244.204912520385,55752.51813786543
62,School_62,9,District_9,2016,,none,76.50831242723234,56244.204912520385,55752.51813786543
62,School_62,9,District_9,2017,,none,78.4288348929556,56244.204912520385,55752.51813786543
62,School_62,9,District_9,2018,,none,81.54824055951379,56244.204912520385,55752.51813786543
62,School_62,9,District_9,2019,,none,79.38867500664003,56244.204912520385,55752.51813786543
63,School_63,8,District_8,2000,,none,67.74354733158306,66139.47783322327,70675.28204687923
63,School_63,8,District_8,2001,,none,67.34854156395568,66139.47783322327,70675.28204687923
63,School_63,8,District_8,2002,,none,64.95426040926094,66139.47783322327,70675.28204687923
63,School_63,8,District_8,2003,,none,65.42359268665216,66139.47783322327,70675.28204687923
63,School_63,8,District_8,2004,,none,67.34301343932093,66139.47783322327,70675.28204687923
63,School_63,8,District_8,2005,,none,68.29902668525826,66139.47783322327,70675.28204687923
63,School_63,8,District_8,2006,,none,68.8650930270532,66139.47783322327,70675.28204687923
63,School_63,8,District_8,2007,,none,64.94907203568106,66139.47783322327,70675.28204687923
63,School_63,8,District_8,2008,,none,67.53152419457183,66139.47783322327,70675.28204687923
63,School_63,8,District_8,2009,,none,69.0393713486554,66139.47783322327,70675.28204687923
63,School_63,8,District_8,2010,,none,64.6911195846414,66139.47783322327,70675.28204687923
63,School_63,8,District_8,2011,,none,69.63877739681699,66139.47783322327,70675.28204687923
63,School_63,8,District_8,2012,,none,69.94316477990583,66139.47783322327,70675.28204687923
63,School_63,8,District_8,2013,1370044800000000000,math,73.70969367600523,66139.47783322327,70675.28204687923
63,School_63,8,District_8,2014,,none,67.12715000687743,66139.47783322327,70675.28204687923
63,School_63,8,District_8,2015,,none,67.13813247774235,66139.47783322327,70675.28204687923
63,School_63,8,District_8,2016,,none,68.31927190345208,66139.47783322327,70675.28204687923
63,School_63,8,District_8,2017,,none,68.26088847131628,66139.47783322327,70675.28204687923
63,School_63,8,District_8,2018,,none,68.91801684720865,66139.47783322327,70675.28204687923
63,School_63,8,District_8,2019,,none,68.23334948614765,66139.47783322327,70675.28204687923
64,School_64,1,District_1,2000,,none,61.3287849006724,63973.713224089865,64377.12470759027
64,School_64,1,District_1,2001,,none,63.984902960695486,63973.713224089865,64377.12470759027
64,School_64,1,District_1,2002,,none,59.39840041936303,63973.713224089865,64377.12470759027
64,School_64,1,District_1,2003,,none,61.552613392199234,63973.713224089865,64377.12470759027
64,School_64,1,District_1,2004,,none,64.66837995084808,63973.713224089865,64377.12470759027
64,School_64,1,District_1,2005,,none,59.040415722507845,63973.713224089865,64377.12470759027
64,School_64,1,District_1,2006,,none,60.185957404754156,63973.713224089865,64377.12470759027
64,School_64,1,District_1,2007,,none,62.88440330090307,63973.713224089865,64377.12470759027
64,School_64,1,District_1,2008,,none,62.32873266522079,63973.713224089865,64377.12470759027
64,School_64,1,District_1,2009,,none,59.79085790343599,63973.713224089865,64377.12470759027
64,School_64,1,District_1,2010,,none,60.7085207132882,63973.713224089865,64377.12470759027
64,School_64,1,District_1,2011,1306886400000000000,math,61.99833845478819,63973.713224089865,64377.12470759027
64,School_64,1,District_1,2012,,none,63.50187871778963,63973.713224089865,64377.12470759027
64,School_64,1,District_1,2013,,none,61.02914600340742,63973.713224089865,64377.12470759027
64,School_64,1,District_1,2014,,none,65.12522054026975,63973.713224089865,64377.12470759027
64,School_64,1,District_1,2015,,none,61.70310920682853,63973.713224089865,64377.12470759027
64,School_64,1,District_1,2016,,none,61.10142811194273,63973.713224089865,64377.12470759027
64,School_64,1,District_1,2017,,none,60.907265196164886,63973.713224089865,64377.12470759027
64,School_64,1,District_1,2018,,none,61.052509048363625,63973.713224089865,64377.12470759027
64,School_64,1,District_1,2019,,none,61.76255090901609,63973.713224089865,64377.12470759027
65,School_65,12,District_12,2000,,none,78.30880180897654,56274.16197143795,58490.06422577697
65,School_65,12,District_12,2001,,none,72.60626731562118,56274.16197143795,58490.06422577697
65,School_65,12,District_12,2002,,none,72.67127973427728,56274.16197143795,58490.06422577697
65,School_65,12,District_12,2003,,none,73.41517434718627,56274.16197143795,58490.06422577697
65,School_65,12,District_12,2004,,none,75.46453566850842,56274.16197143795,58490.06422577697
65,School_65,12,District_12,2005,,none,70.44201753367435,56274.16197143795,58490.06422577697
65,School_65,12,District_12,2006,,none,74.1941721296392,56274.16197143795,58490.06422577697
65,School_65,12,District_12,2007,,none,71.64913630377758,56274.16197143795,58490.06422577697
65,School_65,12,District_12,2008,,none,74.3905320337218,56274.16197143795,58490.06422577697
65,School_65,12,District_12,2009,,none,72.29646677109899,56274.16197143795,58490.06422577697
65,School_65,12,District_12,2010,1275350400000000000,math,71.40134194919631,56274.16197143795,58490.06422577697
65,School_65,12,District_12,2011,,none,74.02314186119487,56274.16197143795,58490.06422577697
65,School_65,12,District_12,2012,,none,74.00627619651364,56274.16197143795,58490.06422577697
65,School_65,12,District_12,2013,,none,72.12582603886105,56274.16197143795,58490.06422577697
65,School_65,12,District_12,2014,,none,72.0072989355339,56274.16197143795,58490.06422577697
65,School_65,12,District_12,2015,,none,70.6612412056446,56274.16197143795,58490.06422577697
65,School_65,12,District_12,2016,,none,74.83018653889765,56274.16197143795,58490.06422577697
65,School_65,12,District_12,2017,,none,75.04841822075352,56274.16197143795,58490.06422577697
65,School_65,12,District_12,2018,,none,71.52588488546812,56274.16197143795,58490.06422577697
65,School_65,12,District_12,2019,,none,72.2041177367422,56274.16197143795,58490.06422577697
66,School_66,8,District_8,2000,,none,62.69391766085191,66139.47783322327,70675.28204687923
66,School_66,8,District_8,2001,,none,67.36222646520093,66139.47783322327,70675.28204687923
66,School_66,8,District_8,2002,,none,63.910739398307705,66139.47783322327,70675.28204687923
66,School_66,8,District_8,2003,,none,60.93366487311308,66139.47783322327,70675.28204687923
66,School_66,8,District_8,2004,,none,63.42805652211085,66139.47783322327,70675.28204687923
66,School_66,8,District_8,2005,,none,60.06711282185368,66139.47783322327,70675.28204687923
66,School_66,8,District_8,2006,,none,64.25647652296217,66139.47783322327,70675.28204687923
66,School_66,8,District_8,2007,,none,66.1715906902188,66139.47783322327,70675.28204687923
66,School_66,8,District_8,2008,,none,66.18007927329775,66139.47783322327,70675.28204687923
66,School_66,8,District_8,2009,,none,64.29028291007852,66139.47783322327,70675.28204687923
66,School_66,8,District_8,2010,,none,61.65367119139358,66139.47783322327,70675.28204687923
66,School_66,8,District_8,2011,1306886400000000000,math,63.439073972889624,66139.47783322327,70675.28204687923
66,School_66,8,District_8,2012,,none,60.02008581639162,66139.47783322327,70675.28204687923
66,School_66,8,District_8,2013,,none,57.20806168413275,66139.47783322327,70675.28204687923
66,School_66,8,District_8,2014,,none,64.20820742914569,66139.47783322327,70675.28204687923
66,School_66,8,District_8,2015,,none,62.61482486268104,66139.47783322327,70675.28204687923
66,School_66,8,District_8,2016,,none,64.6389282360361,66139.47783322327,70675.28204687923
66,School_66,8,District_8,2017,,none,65.67655887359942,66139.47783322327,70675.28204687923
66,School_66,8,District_8,2018,,none,63.02030699093466,66139.47783322327,70675.28204687923
66,School_66,8,District_8,2019,,none,63.11241912255614,66139.47783322327,70675.28204687923
67,School_67,8,District_8,2000,,none,63.155031203732975,66139.47783322327,70675.28204687923
67,School_67,8,District_8,2001,,none,63.39150305838309,66139.47783322327,70675.28204687923
67,School_67,8,District_8,2002,,none,65.54061171767377,66139.47783322327,70675.28204687923
67,School_67,8,District_8,2003,,none,63.73492183199728,66139.47783322327,70675.28204687923
67,School_67,8,District_8,2004,,none,63.44565655922226,66139.47783322327,70675.28204687923
67,School_67,8,District_8,2005,,none,64.04703817384221,66139.47783322327,70675.28204687923
67,School_67,8,District_8,2006,,none,65.85633228485109,66139.47783322327,70675.28204687923
67,School_67,8,District_8,2007,,none,62.6983487770677,66139.47783322327,70675.28204687923
67,School_67,8,District_8,2008,,none,63.95061485762384,66139.47783322327,70675.28204687923
67,School_67,8,District_8,2009,,none,64.57422756828477,66139.47783322327,70675.28204687923
67,School_67,8,District_8,2010,,none,66.40411569989838,66139.47783322327,70675.28204687923
67,School_67,8,District_8,2011,,none,63.60507833912907,66139.47783322327,70675.28204687923
67,School_67,8,District_8,2012,1338508800000000000,math,65.44310132885035,66139.47783322327,70675.28204687923
67,School_67,8,District_8,2013,,none,63.11495000418319,66139.47783322327,70675.28204687923
67,School_67,8,District_8,2014,,none,66.18978675875867,66139.47783322327,70675.28204687923
67,School_67,8,District_8,2015,,none,68.15028248993484,66139.47783322327,70675.28204687923
67,School_67,8,District_8,2016,,none,61.456156265355844,66139.47783322327,70675.28204687923
67,School_67,8,District_8,2017,,none,61.89306866258819,66139.47783322327,70675.28204687923
67,School_67,8,District_8,2018,,none,63.746078319323615,66139.47783322327,70675.28204687923
67,School_67,8,District_8,2019,,none,64.305584084864,66139.47783322327,70675.28204687923
68,School_68,15,District_15,2000,,none,74.04891740206847,46200.65733989574,67083.06250206723
68,School_68,15,District_15,2001,,none,70.6927122537555,46200.65733989574,67083.06250206723
68,School_68,15,District_15,2002,,none,70.34876019765954,46200.65733989574,67083.06250206723
68,School_68,15,District_15,2003,,none,72.75115257722574,46200.65733989574,67083.06250206723
68,School_68,15,District_15,2004,,none,71.95817683054413,46200.65733989574,67083.06250206723
68,School_68,15,District_15,2005,,none,74.32842026650152,46200.65733989574,67083.06250206723
68,School_68,15,District_15,2006,1149120000000000000,math,76.38182010526627,46200.65733989574,67083.06250206723
68,School_68,15,District_15,2007,,none,73.58573696622491,46200.65733989574,67083.06250206723
68,School_68,15,District_15,2008,,none,72.26601557820474,46200.65733989574,67083.06250206723
68,School_68,15,District_15,2009,,none,77.18613878809488,46200.65733989574,67083.06250206723
68,School_68,15,District_15,2010,,none,70.79948230777096,46200.65733989574,67083.06250206723
68,School_68,15,District_15,2011,,none,73.69659793846802,46200.65733989574,67083.06250206723
68,School_68,15,District_15,2012,,none,69.93559829681226,46200.65733989574,67083.06250206723
68,School_68,15,District_15,2013,,none,70.32804291547957,46200.65733989574,67083.06250206723
68,School_68,15,District_15,2014,,none,71.26028707342756,46200.65733989574,67083.06250206723
68,School_68,15,District_15,2015,,none,75.73362494419453,46200.65733989574,67083.06250206723
68,School_68,15,District_15,2016,,none,73.0027671318665,46200.65733989574,67083.06250206723
68,School_68,15,District_15,2017,,none,71.29402213386972,46200.65733989574,67083.06250206723
68,School_68,15,District_15,2018,,none,73.22385092286763,46200.65733989574,67083.06250206723
68,School_68,15,District_15,2019,,none,72.54527403380749,46200.65733989574,67083.06250206723
69,School_69,11,District_11,2000,,none,68.18950518895396,56292.6584575003,71109.22589709866
69,School_69,11,District_11,2001,,none,66.38019421565573,56292.6584575003,71109.22589709866
69,School_69,11,District_11,2002,,none,72.05053689625677,56292.6584575003,71109.22589709866
69,School_69,11,District_11,2003,,none,69.59308818465227,56292.6584575003,71109.22589709866
69,School_69,11,District_11,2004,,none,73.52092867416867,56292.6584575003,71109.22589709866
69,School_69,11,District_11,2005,,none,71.05409516831395,56292.6584575003,71109.22589709866
69,School_69,11,District_11,2006,,none,70.27609137675428,56292.6584575003,71109.22589709866
69,School_69,11,District_11,2007,,none,68.30304326999826,56292.6584575003,71109.22589709866
69,School_69,11,District_11,2008,,none,66.98276079951836,56292.6584575003,71109.22589709866
69,School_69,11,District_11,2009,1243814400000000000,math,72.37980548849698,56292.6584575003,71109.22589709866
69,School_69,11,District_11,2010,,none,66.92486673882053,56292.6584575003,71109.22589709866
69,School_69,11,District_11,2011,,none,70.4738326886937,56292.6584575003,71109.22589709866
69,School_69,11,District_11,2012,,none,72.43875692262645,56292.6584575003,71109.22589709866
69,School_69,11,District_11,2013,,none,68.65162739499793,56292.6584575003,71109.22589709866
69,School_69,11,District_11,2014,,none,71.0624338720146,56292.6584575003,71109.22589709866
69,School_69,11,District_11,2015,,none,67.79499378679849,56292.6584575003,71109.22589709866
69,School_69,11,District_11,2016,,none,68.56851825081749,56292.6584575003,71109.22589709866
69,School_69,11,District_11,2017,,none,67.5435239581013,56292.6584575003,71109.22589709866
69,School_69,11,District_11,2018,,none,64.90718585709118,56292.6584575003,71109.22589709866
69,School_69,11,District_11,2019,,none,69.10038522739497,56292.6584575003,71109.22589709866
70,School_70,3,District_3,2000,,none,66.82102759853295,65181.50830480554,73142.47332595274
70,School_70,3,District_3,2001,,none,68.69584612086072,65181.50830480554,73142.47332595274
70,School_70,3,District_3,2002,,none,68.15500062867602,65181.50830480554,73142.47332595274
70,School_70,3,District_3,2003,,none,68.18202992141543,65181.50830480554,73142.47332595274
70,School_70,3,District_3,2004,,none,64.6160516771017,65181.50830480554,73142.47332595274
70,School_70,3,District_3,2005,,none,67.48311873547884,65181.50830480554,73142.47332595274
70,School_70,3,District_3,2006,,none,69.72931205430064,65181.50830480554,73142.47332595274
70,School_70,3,District_3,2007,,none,67.32385982475562,65181.50830480554,73142.47332595274
70,School_70,3,District_3,2008,1212278400000000000,math,72.10745824986631,65181.50830480554,73142.47332595274
70,School_70,3,District_3,2009,,none,70.60205634557718,65181.50830480554,73142.47332595274
70,School_70,3,District_3,2010,,none,66.02718758275415,65181.50830480554,73142.47332595274
70,School_70,3,District_3,2011,,none,65.17024463317631,65181.50830480554,73142.47332595274
70,School_70,3,District_3,2012,,none,65.04119979249955,65181.50830480554,73142.47332595274
70,School_70,3,District_3,2013,,none,63.53185248313101,65181.50830480554,73142.47332595274
70,School_70,3,District_3,2014,,none,65.52731832450641,65181.50830480554,73142.47332595274
70,School_70,3,District_3,2015,,none,68.97945502284995,65181.50830480554,73142.47332595274
70,School_70,3,District_3,2016,,none,62.15604897283497,65181.50830480554,73142.47332595274
70,School_70,3,District_3,2017,,none,64.48921732190996,65181.50830480554,73142.47332595274
70,School_70,3,District_3,2018,,none,66.30986124003346,65181.50830480554,73142.47332595274
70,School_70,3,District_3,2019,,none,64.80975372209404,65181.50830480554,73142.47332595274
71,School_71,1,District_1,2000,,none,69.2871843670387,63973.713224089865,64377.12470759027
71,School_71,1,District_1,2001,,none,69.31709690667454,63973.713224089865,64377.12470759027
71,School_71,1,District_1,2002,,none,69.82667581539565,63973.713224089865,64377.12470759027
71,School_71,1,District_1,2003,,none,68.88284686329966,63973.713224089865,64377.12470759027
71,School_71,1,District_1,2004,,none,68.71932982780805,63973.713224089865,64377.12470759027
71,School_71,1,District_1,2005,,none,72.21037574736161,63973.713224089865,64377.12470759027
71,School_71,1,District_1,2006,,none,72.44106461123984,63973.713224089865,64377.12470759027
71,School_71,1,District_1,2007,,none,67.58066956502432,63973.713224089865,64377.12470759027
71,School_71,1,District_1,2008,,none,64.82256145697338,63973.713224089865,64377.12470759027
71,School_71,1,District_1,2009,,none,72.46850595466101,63973.713224089865,64377.12470759027
71,School_71,1,District_1,2010,,none,67.88415541841486,63973.713224089865,64377.12470759027
71,School_71,1,District_1,2011,,none,70.76724593243863,63973.713224089865,64377.12470759027
71,School_71,1,District_1,2012,,none,67.21041250946271,63973.713224089865,64377.12470759027
71,School_71,1,District_1,2013,,none,72.93726622603849,63973.713224089865,64377.12470759027
71,School_71,1,District_1,2014,,none,75.4290920461222,63973.713224089865,64377.12470759027
71,School_71,1,District_1,2015,1433116800000000000,math,74.44474320919065,63973.713224089865,64377.12470759027
71,School_71,1,District_1,2016,,none,70.1535509586001,63973.713224089865,64377.12470759027
71,School_71,1,District_1,2017,,none,69.69747710513901,63973.713224089865,64377.12470759027
71,School_71,1,District_1,2018,,none,71.90535487814496,63973.713224089865,64377.12470759027
71,School_71,1,District_1,2019,,none,71.47712975738831,63973.713224089865,64377.12470759027
72,School_72,8,District_8,2000,,none,69.95995275424794,66139.47783322327,70675.28204687923
72,School_72,8,District_8,2001,,none,66.69712280194604,66139.47783322327,70675.28204687923
72,School_72,8,District_8,2002,,none,68.6331912599515,66139.47783322327,70675.28204687923
72,School_72,8,District_8,2003,,none,66.86801971372981,66139.47783322327,70675.28204687923
72,School_72,8,District_8,2004,,none,65.8375245510021,66139.47783322327,70675.28204687923
72,School_72,8,District_8,2005,,none,67.87092500513528,66139.47783322327,70675.28204687923
72,School_72,8,District_8,2006,,none,66.10793038638805,66139.47783322327,70675.28204687923
72,School_72,8,District_8,2007,,none,70.30040984262739,66139.47783322327,70675.28204687923
72,School_72,8,District_8,2008,,none,66.22911509111056,66139.47783322327,70675.28204687923
72,School_72,8,District_8,2009,,none,68.68004772851693,66139.47783322327,70675.28204687923
72,School_72,8,District_8,2010,1275350400000000000,math,70.887243981154,66139.47783322327,70675.28204687923
72,School_72,8,District_8,2011,,none,68.50708134801724,66139.47783322327,70675.28204687923
72,School_72,8,District_8,2012,,none,66.9049627002315,66139.47783322327,70675.28204687923
72,School_72,8,District_8,2013,,none,65.43853329742713,66139.47783322327,70675.28204687923
72,School_72,8,District_8,2014,,none,68.92050132904589,66139.47783322327,70675.28204687923
72,School_72,8,District_8,2015,,none,67.48212460331577,66139.47783322327,70675.28204687923
72,School_72,8,District_8,2016,,none,68.52492572858712,66139.47783322327,70675.28204687923
72,School_72,8,District_8,2017,,none,67.09526997588134,66139.47783322327,70675.28204687923
72,School_72,8,District_8,2018,,none,65.29708281960531,66139.47783322327,70675.28204687923
72,School_72,8,District_8,2019,,none,70.11931304125471,66139.47783322327,70675.28204687923
73,School_73,3,District_3,2000,,none,80.9212537915151,65181.50830480554,73142.47332595274
73,School_73,3,District_3,2001,,none,78.31381632952643,65181.50830480554,73142.47332595274
73,School_73,3,District_3,2002,,none,79.58729670763051,65181.50830480554,73142.47332595274
73,School_73,3,District_3,2003,,none,81.5317772469588,65181.50830480554,73142.47332595274
73,School_73,3,District_3,2004,,none,78.53366160890812,65181.50830480554,73142.47332595274
73,School_73,3,District_3,2005,,none,78.84396927025182,65181.50830480554,73142.47332595274
73,School_73,3,District_3,2006,,none,79.93500328064766,65181.50830480554,73142.47332595274
73,School_73,3,District_3,2007,,none,78.52955615352374,65181.50830480554,73142.47332595274
73,School_73,3,District_3,2008,,none,81.16192227460697,65181.50830480554,73142.47332595274
73,School_73,3,District_3,2009,,none,79.10993672001804,65181.50830480554,73142.47332595274
73,School_73,3,District_3,2010,,none,77.87966653064497,65181.50830480554,73142.47332595274
73,School_73,3,District_3,2011,,none,80.66501594038091,65181.50830480554,73142.47332595274
73,School_73,3,District_3,2012,,none,77.16347698177023,65181.50830480554,73142.47332595274
73,School_73,3,District_3,2013,,none,83.47749540288135,65181.50830480554,73142.47332595274
73,School_73,3,District_3,2014,,none,82.61273100779333,65181.50830480554,73142.47332595274
73,School_73,3,District_3,2015,,none,80.47472923447495,65181.50830480554,73142.47332595274
73,School_73,3,District_3,2016,,none,80.30640032427273,65181.50830480554,73142.47332595274
73,School_73,3,District_3,2017,,none,80.21262111627152,65181.50830480554,73142.47332595274
73,School_73,3,District_3,2018,,none,78.4695487087951,65181.50830480554,73142.47332595274
73,School_73,3,District_3,2019,,none,80.0423575719946,65181.50830480554,73142.47332595274
74,School_74,3,District_3,2000,,none,64.77471110797732,65181.50830480554,73142.47332595274
74,School_74,3,District_3,2001,,none,67.62861316577339,65181.50830480554,73142.47332595274
74,School_74,3,District_3,2002,,none,68.35667021495561,65181.50830480554,73142.47332595274
74,School_74,3,District_3,2003,,none,65.86480412692636,65181.50830480554,73142.47332595274
74,School_74,3,District_3,2004,,none,65.43077274058358,65181.50830480554,73142.47332595274
74,School_74,3,District_3,2005,,none,64.1960222795972,65181.50830480554,73142.47332595274
74,School_74,3,District_3,2006,,none,69.5368867960244,65181.50830480554,73142.47332595274
74,School_74,3,District_3,2007,,none,65.5896482612086,65181.50830480554,73142.47332595274
74,School_74,3,District_3,2008,,none,66.22349825685977,65181.50830480554,73142.47332595274
74,School_74,3,District_3,2009,1243814400000000000,math,71.85542249237335,65181.50830480554,73142.47332595274
74,School_74,3,District_3,2010,,none,67.1853916146729,65181.50830480554,73142.47332595274
74,School_74,3,District_3,2011,,none,68.11409652025516,65181.50830480554,73142.47332595274
74,School_74,3,District_3,2012,,none,65.86231648921637,65181.50830480554,73142.47332595274
74,School_74,3,District_3,2013,,none,64.3436404519512,65181.50830480554,73142.47332595274
74,School_74,3,District_3,2014,,none,63.99364571094839,65181.50830480554,73142.47332595274
74,School_74,3,District_3,2015,,none,65.46246586320733,65181.50830480554,73142.47332595274
74,School_74,3,District_3,2016,,none,64.71727537954378,65181.50830480554,73142.47332595274
74,School_74,3,District_3,2017,,none,66.0137429182775,65181.50830480554,73142.47332595274
74,School_74,3,District_3,2018,,none,69.23613395041299,65181.50830480554,73142.47332595274
74,School_74,3,District_3,2019,,none,65.86641991712564,65181.50830480554,73142.47332595274
75,School_75,1,District_1,2000,,none,64.67763559071881,63973.713224089865,64377.12470759027
75,School_75,1,District_1,2001,,none,65.40013976087634,63973.713224089865,64377.12470759027
75,School_75,1,District_1,2002,,none,64.6216873309638,63973.713224089865,64377.12470759027
75,School_75,1,District_1,2003,,none,65.29815484195154,63973.713224089865,64377.12470759027
75,School_75,1,District_1,2004,,none,66.51467575835062,63973.713224089865,64377.12470759027
75,School_75,1,District_1,2005,,none,67.20243942291455,63973.713224089865,64377.12470759027
75,School_75,1,District_1,2006,,none,67.43936371286597,63973.713224089865,64377.12470759027
75,School_75,1,District_1,2007,,none,69.54664175484996,63973.713224089865,64377.12470759027
75,School_75,1,District_1,2008,,none,66.5716562057328,63973.713224089865,64377.12470759027
75,School_75,1,District_1,2009,,none,69.90189511608654,63973.713224089865,64377.12470759027
75,School_75,1,District_1,2010,,none,63.87997369726864,63973.713224089865,64377.12470759027
75,School_75,1,District_1,2011,,none,69.61550711823709,63973.713224089865,64377.12470759027
75,School_75,1,District_1,2012,,none,64.67218520494875,63973.713224089865,64377.12470759027
75,School_75,1,District_1,2013,,none,64.86889945186185,63973.713224089865,64377.12470759027
75,School_75,1,District_1,2014,,none,65.19319221854218,63973.713224089865,64377.12470759027
75,School_75,1,District_1,2015,1433116800000000000,math,65.85232856693311,63973.713224089865,64377.12470759027
75,School_75,1,District_1,2016,,none,65.60461810684093,63973.713224089865,64377.12470759027
75,School_75,1,District_1,2017,,none,64.27288130841104,63973.713224089865,64377.12470759027
75,School_75,1,District_1,2018,,none,67.09286165953067,63973.713224089865,64377.12470759027
75,School_75,1,District_1,2019,,none,64.32726724414556,63973.713224089865,64377.12470759027
76,School_76,11,District_11,2000,,none,69.03605492656794,56292.6584575003,71109.22589709866
76,School_76,11,District_11,2001,,none,70.78028136910969,56292.6584575003,71109.22589709866
76,School_76,11,District_11,2002,,none,67.01062939044668,56292.6584575003,71109.22589709866
76,School_76,11,District_11,2003,,none,69.31360096602052,56292.6584575003,71109.22589709866
76,School_76,11,District_11,2004,,none,68.84315270786853,56292.6584575003,71109.22589709866
76,School_76,11,District_11,2005,,none,72.23060789450166,56292.6584575003,71109.22589709866
76,School_76,11,District_11,2006,,none,66.71517300037226,56292.6584575003,71109.22589709866
76,School_76,11,District_11,2007,,none,69.31497736367373,56292.6584575003,71109.22589709866
76,School_76,11,District_11,2008,,none,64.47281194650905,56292.6584575003,71109.22589709866
76,School_76,11,District_11,2009,,none,66.73311730858853,56292.6584575003,71109.22589709866
76,School_76,11,District_11,2010,,none,68.43161980525598,56292.6584575003,71109.22589709866
76,School_76,11,District_11,2011,,none,70.51115406824172,56292.6584575003,71109.22589709866
76,School_76,11,District_11,2012,,none,65.27296740009376,56292.6584575003,71109.22589709866
76,School_76,11,District_11,2013,,none,69.29701541154438,56292.6584575003,71109.22589709866
76,School_76,11,District_11,2014,1401580800000000000,math,70.41548555998102,56292.6584575003,71109.22589709866
76,School_76,11,District_11,2015,,none,64.68177882327754,56292.6584575003,71109.22589709866
76,School_76,11,District_11,2016,,none,68.08800782195975,56292.6584575003,71109.22589709866
76,School_76,11,District_11,2017,,none,71.14315659601858,56292.6584575003,71109.22589709866
76,School_76,11,District_11,2018,,none,65.48398881023893,56292.6584575003,71109.22589709866
76,School_76,11,District_11,2019,,none,67.50495869932179,56292.6584575003,71109.22589709866
77,School_77,5,District_5,2000,,none,65.96291396477032,58126.77300221331,55876.962986647086
77,School_77,5,District_5,2001,,none,66.99902607022943,58126.77300221331,55876.962986647086
77,School_77,5,District_5,2002,,none,70.80053222109873,58126.77300221331,55876.962986647086
77,School_77,5,District_5,2003,,none,67.3931429830667,58126.77300221331,55876.962986647086
77,School_77,5,District_5,2004,,none,70.73932340908011,58126.77300221331,55876.962986647086
77,School_77,5,District_5,2005,,none,70.15430002991263,58126.77300221331,55876.962986647086
77,School_77,5,District_5,2006,1149120000000000000,math,68.24561553272699,58126.77300221331,55876.962986647086
77,School_77,5,District_5,2007,,none,66.93099301283699,58126.77300221331,55876.962986647086
77,School_77,5,District_5,2008,,none,66.14419432042045,58126.77300221331,55876.962986647086
77,School_77,5,District_5,2009,,none,66.07442954566265,58126.77300221331,55876.962986647086
77,School_77,5,District_5,2010,,none,68.64260672306514,58126.77300221331,55876.962986647086
77,School_77,5,District_5,2011,,none,67.89662130361953,58126.77300221331,55876.962986647086
77,School_77,5,District_5,2012,,none,66.68898106419105,58126.77300221331,55876.962986647086
77,School_77,5,District_5,2013,,none,64.8386660898029,58126.77300221331,55876.962986647086
77,School_77,5,District_5,2014,,none,68.14854946969389,58126.77300221331,55876.962986647086
77,School_77,5,District_5,2015,,none,66.9970875759268,58126.77300221331,55876.962986647086
77,School_77,5,District_5,2016,,none,67.54559654288528,58126.77300221331,55876.962986647086
77,School_77,5,District_5,2017,,none,68.54551559144562,58126.77300221331,55876.962986647086
77,School_77,5,District_5,2018,,none,62.93258621127374,58126.77300221331,55876.962986647086
77,School_77,5,District_5,2019,,none,64.86964272663121,58126.77300221331,55876.962986647086
78,School_78,10,District_10,2000,,none,77.57110441263198,64340.48034868772,64556.17275474817
78,School_78,10,District_10,2001,,none,71.96499724562237,64340.48034868772,64556.17275474817
78,School_78,10,District_10,2002,,none,67.94335205422655,64340.48034868772,64556.17275474817
78,School_78,10,District_10,2003,,none,70.0783378999891,64340.48034868772,64556.17275474817
78,School_78,10,District_10,2004,,none,77.94715299630447,64340.48034868772,64556.17275474817
78,School_78,10,District_10,2005,,none,71.57222333848192,64340.48034868772,64556.17275474817
78,School_78,10,District_10,2006,,none,75.29624874881591,64340.48034868772,64556.17275474817
78,School_78,10,District_10,2007,,none,73.22045425569601,64340.48034868772,64556.17275474817
78,School_78,10,District_10,2008,,none,72.00828418402367,64340.48034868772,64556.17275474817
78,School_78,10,District_10,2009,,none,74.5291092005478,64340.48034868772,64556.17275474817
78,School_78,10,District_10,2010,,none,68.20950490830903,64340.48034868772,64556.17275474817
78,School_78,10,District_10,2011,1306886400000000000,math,70.66088932953558,64340.48034868772,64556.17275474817
78,School_78,10,District_10,2012,,none,71.99351623474249,64340.48034868772,64556.17275474817
78,School_78,10,District_10,2013,,none,70.29240946248238,64340.48034868772,64556.17275474817
78,School_78,10,District_10,2014,,none,71.81666268201366,64340.48034868772,64556.17275474817
78,School_78,10,District_10,2015,,none,74.68564435038726,64340.48034868772,64556.17275474817
78,School_78,10,District_10,2016,,none,73.24249170169357,64340.48034868772,64556.17275474817
78,School_78,10,District_10,2017,,none,75.63945233004078,64340.48034868772,64556.17275474817
78,School_78,10,District_10,2018,,none,73.3689688277251,64340.48034868772,64556.17275474817
78,School_78,10,District_10,2019,,none,74.96313992201065,64340.48034868772,64556.17275474817
79,School_79,7,District_7,2000,,none,59.91417046708593,72633.70252405913,67742.23699513465
79,School_79,7,District_7,2001,,none,58.861760100623364,72633.70252405913,67742.23699513465
79,School_79,7,District_7,2002,,none,63.003447178426704,72633.70252405913,67742.23699513465
79,School_79,7,District_7,2003,,none,58.62361049147079,72633.70252405913,67742.23699513465
79,School_79,7,District_7,2004,,none,60.73000071359153,72633.70252405913,67742.23699513465
79,School_79,7,District_7,2005,,none,61.58010579379187,72633.70252405913,67742.23699513465
79,School_79,7,District_7,2006,,none,61.72529647628464,72633.70252405913,67742.23699513465
79,School_79,7,District_7,2007,,none,57.71142572690289,72633.70252405913,67742.23699513465
79,School_79,7,District_7,2008,,none,62.14621187899946,72633.70252405913,67742.23699513465
79,School_79,7,District_7,2009,,none,58.08440057512839,72633.70252405913,67742.23699513465
79,School_79,7,District_7,2010,,none,61.663718378042915,72633.70252405913,67742.23699513465
79,School_79,7,District_7,2011,,none,61.11265800944113,72633.70252405913,67742.23699513465
79,School_79,7,District_7,2012,,none,61.67957239090273,72633.70252405913,67742.23699513465
79,School_79,7,District_7,2013,1370044800000000000,math,60.77639707275235,72633.70252405913,67742.23699513465
79,School_79,7,District_7,2014,,none,61.21817055281171,72633.70252405913,67742.23699513465
79,School_79,7,District_7,2015,,none,62.213498420159276,72633.70252405913,67742.23699513465
79,School_79,7,District_7,2016,,none,60.42910263366641,72633.70252405913,67742.23699513465
79,School_79,7,District_7,2017,,none,58.405077708133774,72633.70252405913,67742.23699513465
79,School_79,7,District_7,2018,,none,61.881806295998906,72633.70252405913,67742.23699513465
79,School_79,7,District_7,2019,,none,60.27015032354447,72633.70252405913,67742.23699513465
80,School_80,10,District_10,2000,,none,68.78124080651462,64340.48034868772,64556.17275474817
80,School_80,10,District_10,2001,,none,70.33775040953668,64340.48034868772,64556.17275474817
80,School_80,10,District_10,2002,,none,71.07754027171606,64340.48034868772,64556.17275474817
80,School_80,10,District_10,2003,,none,75.14176590944932,64340.48034868772,64556.17275474817
80,School_80,10,District_10,2004,,none,74.79049550678243,64340.48034868772,64556.17275474817
80,School_80,10,District_10,2005,,none,74.78406639628336,64340.48034868772,64556.17275474817
80,School_80,10,District_10,2006,,none,72.59484988953774,64340.48034868772,64556.17275474817
80,School_80,10,District_10,2007,,none,73.9573189177284,64340.48034868772,64556.17275474817
80,School_80,10,District_10,2008,,none,69.84857051679822,64340.48034868772,64556.17275474817
80,School_80,10,District_10,2009,,none,72.14373553095555,64340.48034868772,64556.17275474817
80,School_80,10,District_10,2010,,none,73.0333947374692,64340.48034868772,64556.17275474817
80,School_80,10,District_10,2011,,none,69.98033121955177,64340.48034868772,64556.17275474817
80,School_80,10,District_10,2012,,none,72.54995351345374,64340.48034868772,64556.17275474817
80,School_80,10,District_10,2013,,none,75.5034077057787,64340.48034868772,64556.17275474817
80,School_80,10,District_10,2014,,none,73.24766890329126,64340.48034868772,64556.17275474817
80,School_80,10,District_10,2015,1433116800000000000,math,76.56606795464789,64340.48034868772,64556.17275474817
80,School_80,10,District_10,2016,,none,67.22531548730548,64340.48034868772,64556.17275474817
80,School_80,10,District_10,2017,,none,75.24606703247585,64340.48034868772,64556.17275474817
80,School_80,10,District_10,2018,,none,71.75788463866567,64340.48034868772,64556.17275474817
80,School_80,10,District_10,2019,,none,70.59275670602992,64340.48034868772,64556.17275474817
81,School_81,9,District_9,2000,,none,66.94429708818029,56244.204912520385,55752.51813786543
81,School_81,9,District_9,2001,,none,64.32352847523836,56244.204912520385,55752.51813786543
81,School_81,9,District_9,2002,,none,69.38945691530445,56244.204912520385,55752.51813786543
81,School_81,9,District_9,2003,,none,66.62278134625258,56244.204912520385,55752.51813786543
81,School_81,9,District_9,2004,,none,65.81631116774803,56244.204912520385,55752.51813786543
81,School_81,9,District_9,2005,,none,66.95746266042343,56244.204912520385,55752.51813786543
81,School_81,9,District_9,2006,,none,69.52960410095244,56244.204912520385,55752.51813786543
81,School_81,9,District_9,2007,,none,67.5564895933626,56244.204912520385,55752.51813786543
81,School_81,9,District_9,2008,,none,64.47418525273322,56244.204912520385,55752.51813786543
81,School_81,9,District_9,2009,1243814400000000000,math,71.52338540305307,56244.204912520385,55752.51813786543
81,School_81,9,District_9,2010,,none,65.4356128831549,56244.204912520385,55752.51813786543
81,School_81,9,District_9,2011,,none,62.981370729050525,56244.204912520385,55752.51813786543
81,School_81,9,District_9,2012,,none,70.28558721723452,56244.204912520385,55752.51813786543
81,School_81,9,District_9,2013,,none,68.20803254145554,56244.204912520385,55752.51813786543
81,School_81,9,District_9,2014,,none,67.13703146419333,56244.204912520385,55752.51813786543
81,School_81,9,District_9,2015,,none,66.60235376240676,56244.204912520385,55752.51813786543
81,School_81,9,District_9,2016,,none,70.08773179326678,56244.204912520385,55752.51813786543
81,School_81,9,District_9,2017,,none,73.46788309219697,56244.204912520385,55752.51813786543
81,School_81,9,District_9,2018,,none,68.19113382893319,56244.204912520385,55752.51813786543
81,School_81,9,District_9,2019,,none,65.23430342714441,56244.204912520385,55752.51813786543
82,School_82,12,District_12,2000,,none,73.57518398439207,56274.16197143795,58490.06422577697
82,School_82,12,District_12,2001,,none,74.74526036631612,56274.16197143795,58490.06422577697
82,School_82,12,District_12,2002,,none,69.18505840814429,56274.16197143795,58490.06422577697
82,School_82,12,District_12,2003,,none,74.55311342568424,56274.16197143795,58490.06422577697
82,School_82,12,District_12,2004,,none,74.75696528111418,56274.16197143795,58490.06422577697
82,School_82,12,District_12,2005,,none,76.53679941810246,56274.16197143795,58490.06422577697
82,School_82,12,District_12,2006,,none,76.32836162687413,56274.16197143795,58490.06422577697
82,School_82,12,District_12,2007,1180656000000000000,math,77.5925870327944,56274.16197143795,58490.06422577697
82,School_82,12,District_12,2008,,none,76.91338883528873,56274.16197143795,58490.06422577697
82,School_82,12,District_12,2009,,none,77.95547166020553,56274.16197143795,58490.06422577697
82,School_82,12,District_12,2010,,none,73.94001793261694,56274.16197143795,58490.06422577697
82,School_82,12,District_12,2011,,none,74.7204891790635,56274.16197143795,58490.06422577697
82,School_82,12,District_12,2012,,none,70.34952031590686,56274.16197143795,58490.06422577697
82,School_82,12,District_12,2013,,none,70.98216849724584,56274.16197143795,58490.06422577697
82,School_82,12,District_12,2014,,none,72.20772239410897,56274.16197143795,58490.06422577697
82,School_82,12,District_12,2015,,none,72.99687841309391,56274.16197143795,58490.06422577697
82,School_82,12,District_12,2016,,none,71.69186897265187,56274.16197143795,58490.06422577697
82,School_82,12,District_12,2017,,none,73.81212419817354,56274.16197143795,58490.06422577697
82,School_82,12,District_12,2018,,none,73.05669668677878,56274.16197143795,58490.06422577697
82,School_82,12,District_12,2019,,none,76.02590548480724,56274.16197143795,58490.06422577697
83,School_83,7,District_7,2000,,none,68.81223415324736,72633.70252405913,67742.23699513465
83,School_83,7,District_7,2001,,none,65.18834554778378,72633.70252405913,67742.23699513465
83,School_83,7,District_7,2002,,none,70.01328378928562,72633.70252405913,67742.23699513465
83,School_83,7,District_7,2003,,none,69.73338539539209,72633.70252405913,67742.23699513465
83,School_83,7,District_7,2004,,none,68.03768168140579,72633.70252405913,67742.23699513465
83,School_83,7,District_7,2005,,none,69.95178121120885,72633.70252405913,67742.23699513465
83,School_83,7,District_7,2006,,none,67.61125226776211,72633.70252405913,67742.23699513465
83,School_83,7,District_7,2007,,none,70.42146135146146,72633.70252405913,67742.23699513465
83,School_83,7,District_7,2008,,none,75.02763031807447,72633.70252405913,67742.23699513465
83,School_83,7,District_7,2009,,none,66.15057049840124,72633.70252405913,67742.23699513465
83,School_83,7,District_7,2010,,none,68.72929727019645,72633.70252405913,67742.23699513465
83,School_83,7,District_7,2011,,none,68.4087712013165,72633.70252405913,67742.23699513465
83,School_83,7,District_7,2012,,none,68.89526167723969,72633.70252405913,67742.23699513465
83,School_83,7,District_7,2013,1370044800000000000,math,76.04952656151664,72633.70252405913,67742.23699513465
83,School_83,7,District_7,2014,,none,70.84743456285283,72633.70252405913,67742.23699513465
83,School_83,7,District_7,2015,,none,71.45931444942762,72633.70252405913,67742.23699513465
83,School_83,7,District_7,2016,,none,69.82277245372197,72633.70252405913,67742.23699513465
83,School_83,7,District_7,2017,,none,67.11758280432507,72633.70252405913,67742.23699513465
83,School_83,7,District_7,2018,,none,67.53241072169482,72633.70252405913,67742.23699513465
83,School_83,7,District_7,2019,,none,71.25430085914796,72633.70252405913,67742.23699513465
84,School_84,9,District_9,2000,,none,72.9351360854155,56244.204912520385,55752.51813786543
84,School_84,9,District_9,2001,,none,75.11388710074658,56244.204912520385,55752.51813786543
84,School_84,9,District_9,2002,,none,73.17999649508249,56244.204912520385,55752.51813786543
84,School_84,9,District_9,2003,,none,70.22744230192465,56244.204912520385,55752.51813786543
84,School_84,9,District_9,2004,,none,71.5496686602226,56244.204912520385,55752.51813786543
84,School_84,9,District_9,2005,,none,73.72310058795476,56244.204912520385,55752.51813786543
84,School_84,9,District_9,2006,,none,74.01413728106616,56244.204912520385,55752.51813786543
84,School_84,9,District_9,2007,,none,74.30368955289828,56244.204912520385,55752.51813786543
84,School_84,9,District_9,2008,,none,70.49642406217852,56244.204912520385,55752.51813786543
84,School_84,9,District_9,2009,,none,70.19141195643505,56244.204912520385,55752.51813786543
84,School_84,9,District_9,2010,,none,72.21386724909405,56244.204912520385,55752.51813786543
84,School_84,9,District_9,2011,,none,75.4736193216558,56244.204912520385,55752.51813786543
84,School_84,9,District_9,2012,,none,71.20573564697287,56244.204912520385,55752.51813786543
84,School_84,9,District_9,2013,,none,73.50341606979084,56244.204912520385,55752.51813786543
84,School_84,9,District_9,2014,,none,73.50359456646683,56244.204912520385,55752.51813786543
84,School_84,9,District_9,2015,1433116800000000000,math,77.1689382132359,56244.204912520385,55752.51813786543
84,School_84,9,District_9,2016,,none,75.92235279648531,56244.204912520385,55752.51813786543
84,School_84,9,District_9,2017,,none,75.71728513812111,56244.204912520385,55752.51813786543
84,School_84,9,District_9,2018,,none,71.4042606209099,56244.204912520385,55752.51813786543
84,School_84,9,District_9,2019,,none,68.39768140597155,56244.204912520385,55752.51813786543
85,School_85,8,District_8,2000,,none,66.68593226886135,66139.47783322327,70675.28204687923
85,School_85,8,District_8,2001,,none,68.19433552768531,66139.47783322327,70675.28204687923
85,School_85,8,District_8,2002,,none,67.31970038421952,66139.47783322327,70675.28204687923
85,School_85,8,District_8,2003,,none,71.97878882544711,66139.47783322327,70675.28204687923
85,School_85,8,District_8,2004,,none,68.08055154822374,66139.47783322327,70675.28204687923
85,School_85,8,District_8,2005,,none,69.35041470010323,66139.47783322327,70675.28204687923
85,School_85,8,District_8,2006,,none,68.47741955888553,66139.47783322327,70675.28204687923
85,School_85,8,District_8,2007,,none,67.34972457260919,66139.47783322327,70675.28204687923
85,School_85,8,District_8,2008,,none,64.1933675836655,66139.47783322327,70675.28204687923
85,School_85,8,District_8,2009,1243814400000000000,math,73.80911127982695,66139.47783322327,70675.28204687923
85,School_85,8,District_8,2010,,none,74.5522855258991,66139.47783322327,70675.28204687923
85,School_85,8,District_8,2011,,none,65.55407413991517,66139.47783322327,70675.28204687923
85,School_85,8,District_8,2012,,none,64.41324485084239,66139.47783322327,70675.28204687923
85,School_85,8,District_8,2013,,none,71.91576954472866,66139.47783322327,70675.28204687923
85,School_85,8,District_8,2014,,none,69.52715687932951,66139.47783322327,70675.28204687923
85,School_85,8,District_8,2015,,none,68.41783070063771,66139.47783322327,70675.28204687923
85,School_85,8,District_8,2016,,none,70.76833866432496,66139.47783322327,70675.28204687923
85,School_85,8,District_8,2017,,none,66.37998705367865,66139.47783322327,70675.28204687923
85,School_85,8,District_8,2018,,none,67.82980141776153,66139.47783322327,70675.28204687923
85,School_85,8,District_8,2019,,none,69.95329917339248,66139.47783322327,70675.28204687923
86,School_86,12,District_12,2000,,none,76.41082172274918,56274.16197143795,58490.06422577697
86,School_86,12,District_12,2001,,none,69.85302435779516,56274.16197143795,58490.06422577697
86,School_86,12,District_12,2002,,none,74.75158190422917,56274.16197143795,58490.06422577697
86,School_86,12,District_12,2003,,none,72.95379110879034,56274.16197143795,58490.06422577697
86,School_86,12,District_12,2004,,none,72.51623512196721,56274.16197143795,58490.06422577697
86,School_86,12,District_12,2005,,none,72.1746545425989,56274.16197143795,58490.06422577697
86,School_86,12,District_12,2006,1149120000000000000,math,72.72722960070439,56274.16197143795,58490.06422577697
86,School_86,12,District_12,2007,,none,74.11629098353444,56274.16197143795,58490.06422577697
86,School_86,12,District_12,2008,,none,70.62557494645573,56274.16197143795,58490.06422577697
86,School_86,12,District_12,2009,,none,70.03073158210368,56274.16197143795,58490.06422577697
86,School_86,12,District_12,2010,,none,73.96103090490905,56274.16197143795,58490.06422577697
86,School_86,12,District_12,2011,,none,73.76838103740174,56274.16197143795,58490.06422577697
86,School_86,12,District_12,2012,,none,72.3481131543305,56274.16197143795,58490.06422577697
86,School_86,12,District_12,2013,,none,74.34920022873166,56274.16197143795,58490.06422577697
86,School_86,12,District_12,2014,,none,75.0419861500666,56274.16197143795,58490.06422577697
86,School_86,12,District_12,2015,,none,74.80656114275946,56274.16197143795,58490.06422577697
86,School_86,12,District_12,2016,,none,71.13355504030442,56274.16197143795,58490.06422577697
86,School_86,12,District_12,2017,,none,74.2183228496678,56274.16197143795,58490.06422577697
86,School_86,12,District_12,2018,,none,72.61339494212568,56274.16197143795,58490.06422577697
86,School_86,12,District_12,2019,,none,75.64192852781312,56274.16197143795,58490.06422577697
87,School_87,2,District_2,2000,,none,78.07139227470691,58893.885590630525,59871.68879665576
87,School_87,2,District_2,2001,,none,77.60590567250459,58893.885590630525,59871.68879665576
87,School_87,2,District_2,2002,,none,77.0912551935555,58893.885590630525,59871.68879665576
87,School_87,2,District_2,2003,,none,78.69742473571236,58893.885590630525,59871.68879665576
87,School_87,2,District_2,2004,,none,79.25229988242546,58893.885590630525,59871.68879665576
87,School_87,2,District_2,2005,,none,79.29077351309579,58893.885590630525,59871.68879665576
87,School_87,2,District_2,2006,,none,79.01719402786496,58893.885590630525,59871.68879665576
87,School_87,2,District_2,2007,,none,79.66092297260086,58893.885590630525,59871.68879665576
87,School_87,2,District_2,2008,,none,77.87376527541245,58893.885590630525,59871.68879665576
87,School_87,2,District_2,2009,,none,76.57381831605751,58893.885590630525,59871.68879665576
87,School_87,2,District_2,2010,,none,76.39919295341396,58893.885590630525,59871.68879665576
87,School_87,2,District_2,2011,,none,80.26895113784819,58893.885590630525,59871.68879665576
87,School_87,2,District_2,2012,,none,79.25949356829783,58893.885590630525,59871.68879665576
87,School_87,2,District_2,2013,,none,74.6071734053406,58893.885590630525,59871.68879665576
87,School_87,2,District_2,2014,,none,80.51235580084114,58893.885590630525,59871.68879665576
87,School_87,2,District_2,2015,,none,82.07971924004656,58893.885590630525,59871.68879665576
87,School_87,2,District_2,2016,,none,76.88701524572419,58893.885590630525,59871.68879665576
87,School_87,2,District_2,2017,,none,78.99116903979333,58893.885590630525,59871.68879665576
87,School_87,2,District_2,2018,,none,77.37193275997653,58893.885590630525,59871.68879665576
87,School_87,2,District_2,2019,,none,79.57546279818358,58893.885590630525,59871.68879665576
88,School_88,1,District_1,2000,,none,63.97180006457402,63973.713224089865,64377.12470759027
88,School_88,1,District_1,2001,,none,66.16092652852691,63973.713224089865,64377.12470759027
88,School_88,1,District_1,2002,,none,68.26644609872203,63973.713224089865,64377.12470759027
88,School_88,1,District_1,2003,,none,68.77524132132216,63973.713224089865,64377.12470759027
88,School_88,1,District_1,2004,,none,67.15680948056385,63973.713224089865,64377.12470759027
88,School_88,1,District_1,2005,,none,65.625727236305,63973.713224089865,64377.12470759027
88,School_88,1,District_1,2006,,none,63.11861567403725,63973.713224089865,64377.12470759027
88,School_88,1,District_1,2007,,none,64.78871842024591,63973.713224089865,64377.12470759027
88,School_88,1,District_1,2008,,none,65.36527103321491,63973.713224089865,64377.12470759027
88,School_88,1,District_1,2009,1243814400000000000,math,69.75082932068845,63973.713224089865,64377.12470759027
88,School_88,1,District_1,2010,,none,66.4229237793517,63973.713224089865,64377.12470759027
88,School_88,1,District_1,2011,,none,65.6200423703819,63973.713224089865,64377.12470759027
88,School_88,1,District_1,2012,,none,66.64806058739535,63973.713224089865,64377.12470759027
88,School_88,1,District_1,2013,,none,68.7090724448198,63973.713224089865,64377.12470759027
88,School_88,1,District_1,2014,,none,65.49089340026575,63973.713224089865,64377.12470759027
88,School_88,1,District_1,2015,,none,63.53808388821602,63973.713224089865,64377.12470759027
88,School_88,1,District_1,2016,,none,64.90040264647472,63973.713224089865,64377.12470759027
88,School_88,1,District_1,2017,,none,67.47099478267101,63973.713224089865,64377.12470759027
88,School_88,1,District_1,2018,,none,67.65970541262982,63973.713224089865,64377.12470759027
88,School_88,1,District_1,2019,,none,67.11598823675693,63973.713224089865,64377.12470759027
89,School_89,7,District_7,2000,,none,72.0655022359704,72633.70252405913,67742.23699513465
89,School_89,7,District_7,2001,,none,69.09130148444041,72633.70252405913,67742.23699513465
89,School_89,7,District_7,2002,,none,73.56835992021303,72633.70252405913,67742.23699513465
89,School_89,7,District_7,2003,,none,71.10040189640618,72633.70252405913,67742.23699513465
89,School_89,7,District_7,2004,,none,64.41705268377862,72633.70252405913,67742.23699513465
89,School_89,7,District_7,2005,,none,73.0653448841215,72633.70252405913,67742.23699513465
89,School_89,7,District_7,2006,,none,67.93005440392292,72633.70252405913,67742.23699513465
89,School_89,7,District_7,2007,,none,67.3958252452805,72633.70252405913,67742.23699513465
89,School_89,7,District_7,2008,,none,70.51156984386016,72633.70252405913,67742.23699513465
89,School_89,7,District_7,2009,,none,65.98766667952128,72633.70252405913,67742.23699513465
89,School_89,7,District_7,2010,,none,68.07308916155115,72633.70252405913,67742.23699513465
89,School_89,7,District_7,2011,1306886400000000000,math,73.24538690491855,72633.70252405913,67742.23699513465
89,School_89,7,District_7,2012,,none,70.57646278218938,72633.70252405913,67742.23699513465
89,School_89,7,District_7,2013,,none,71.08850718607282,72633.70252405913,67742.23699513465
89,School_89,7,District_7,2014,,none,68.15020642319942,72633.70252405913,67742.23699513465
89,School_89,7,District_7,2015,,none,66.38728762625817,72633.70252405913,67742.23699513465
89,School_89,7,District_7,2016,,none,70.87766248282185,72633.70252405913,67742.23699513465
89,School_89,7,District_7,2017,,none,71.32453993667828,72633.70252405913,67742.23699513465
89,School_89,7,District_7,2018,,none,71.23401439635659,72633.70252405913,67742.23699513465
89,School_89,7,District_7,2019,,none,69.8821660844301,72633.70252405913,67742.23699513465
90,School_90,7,District_7,2000,,none,65.63477708429023,72633.70252405913,67742.23699513465
90,School_90,7,District_7,2001,,none,72.44445274735384,72633.70252405913,67742.23699513465
90,School_90,7,District_7,2002,,none,68.52848845720273,72633.70252405913,67742.23699513465
90,School_90,7,District_7,2003,,none,67.22114028805603,72633.70252405913,67742.23699513465
90,School_90,7,District_7,2004,,none,67.23001509626764,72633.70252405913,67742.23699513465
90,School_90,7,District_7,2005,,none,67.86810852738148,72633.70252405913,67742.23699513465
90,School_90,7,District_7,2006,,none,69.70813009555033,72633.70252405913,67742.23699513465
90,School_90,7,District_7,2007,,none,67.94816981784528,72633.70252405913,67742.23699513465
90,School_90,7,District_7,2008,,none,69.28593987812937,72633.70252405913,67742.23699513465
90,School_90,7,District_7,2009,,none,67.87170894702079,72633.70252405913,67742.23699513465
90,School_90,7,District_7,2010,,none,67.3442057882936,72633.70252405913,67742.23699513465
90,School_90,7,District_7,2011,,none,68.85141435789116,72633.70252405913,67742.23699513465
90,School_90,7,District_7,2012,,none,68.77548563858197,72633.70252405913,67742.23699513465
90,School_90,7,District_7,2013,,none,67.22964533304406,72633.70252405913,67742.23699513465
90,School_90,7,District_7,2014,,none,66.07049965580586,72633.70252405913,67742.23699513465
90,School_90,7,District_7,2015,1433116800000000000,math,72.60211093026587,72633.70252405913,67742.23699513465
90,School_90,7,District_7,2016,,none,67.72561090915956,72633.70252405913,67742.23699513465
90,School_90,7,District_7,2017,,none,66.45917014569287,72633.70252405913,67742.23699513465
90,School_90,7,District_7,2018,,none,65.88411260616078,72633.70252405913,67742.23699513465
90,School_90,7,District_7,2019,,none,68.38986525902328,72633.70252405913,67742.23699513465
91,School_91,14,District_14,2000,,none,79.06509908535271,44693.758042737616,63993.61310081195
91,School_91,14,District_14,2001,,none,77.24484474198759,44693.758042737616,63993.61310081195
91,School_91,14,District_14,2002,,none,76.80503489947147,44693.758042737616,63993.61310081195
91,School_91,14,District_14,2003,,none,76.30439859322294,44693.758042737616,63993.61310081195
91,School_91,14,District_14,2004,,none,78.72941884958716,44693.758042737616,63993.61310081195
91,School_91,14,District_14,2005,,none,76.35695482401584,44693.758042737616,63993.61310081195
91,School_91,14,District_14,2006,,none,82.44717810933878,44693.758042737616,63993.61310081195
91,School_91,14,District_14,2007,,none,77.14434609935533,44693.758042737616,63993.61310081195
91,School_91,14,District_14,2008,,none,73.11448041555212,44693.758042737616,63993.61310081195
91,School_91,14,District_14,2009,,none,77.90456563803905,44693.758042737616,63993.61310081195
91,School_91,14,District_14,2010,,none,77.81884201165971,44693.758042737616,63993.61310081195
91,School_91,14,District_14,2011,,none,80.18834610634569,44693.758042737616,63993.61310081195
91,School_91,14,District_14,2012,,none,78.54116144475273,44693.758042737616,63993.61310081195
91,School_91,14,District_14,2013,1370044800000000000,math,79.11647811462215,44693.758042737616,63993.61310081195
91,School_91,14,District_14,2014,,none,77.39212522430377,44693.758042737616,63993.61310081195
91,School_91,14,District_14,2015,,none,78.6197485145993,44693.758042737616,63993.61310081195
91,School_91,14,District_14,2016,,none,73.6354804706765,44693.758042737616,63993.61310081195
91,School_91,14,District_14,2017,,none,80.64215244007822,44693.758042737616,63993.61310081195
91,School_91,14,District_14,2018,,none,76.302569199688,44693.758042737616,63993.61310081195
91,School_91,14,District_14,2019,,none,80.79899661319256,44693.758042737616,63993.61310081195
92,School_92,8,District_8,2000,,none,68.61522228720291,66139.47783322327,70675.28204687923
92,School_92,8,District_8,2001,,none,69.08948027773769,66139.47783322327,70675.28204687923
92,School_92,8,District_8,2002,,none,70.12913887695228,66139.47783322327,70675.28204687923
92,School_92,8,District_8,2003,,none,68.97655611033474,66139.47783322327,70675.28204687923
92,School_92,8,District_8,2004,,none,69.17606443758464,66139.47783322327,70675.28204687923
92,School_92,8,District_8,2005,,none,67.50145912402698,66139.47783322327,70675.28204687923
92,School_92,8,District_8,2006,,none,68.57462936789393,66139.47783322327,70675.28204687923
92,School_92,8,District_8,2007,,none,66.65529637500626,66139.47783322327,70675.28204687923
92,School_92,8,District_8,2008,,none,67.1434698057738,66139.47783322327,70675.28204687923
92,School_92,8,District_8,2009,,none,71.75968210088756,66139.47783322327,70675.28204687923
92,School_92,8,District_8,2010,,none,66.21390483484889,66139.47783322327,70675.28204687923
92,School_92,8,District_8,2011,,none,68.1389262582223,66139.47783322327,70675.28204687923
92,School_92,8,District_8,2012,,none,68.0572300783807,66139.47783322327,70675.28204687923
92,School_92,8,District_8,2013,,none,67.20878306138815,66139.47783322327,70675.28204687923
92,School_92,8,District_8,2014,1401580800000000000,math,69.91074661866335,66139.47783322327,70675.28204687923
92,School_92,8,District_8,2015,,none,69.0097361904325,66139.47783322327,70675.28204687923
92,School_92,8,District_8,2016,,none,65.97865363865458,66139.47783322327,70675.28204687923
92,School_92,8,District_8,2017,,none,68.03300542804284,66139.47783322327,70675.28204687923
92,School_92,8,District_8,2018,,none,65.66555732740503,66139.47783322327,70675.28204687923
92,School_92,8,District_8,2019,,none,69.40738924158434,66139.47783322327,70675.28204687923
93,School_93,5,District_5,2000,,none,66.68951361420602,58126.77300221331,55876.962986647086
93,School_93,5,District_5,2001,,none,66.50119876691495,58126.77300221331,55876.962986647086
93,School_93,5,District_5,2002,,none,67.65460169122558,58126.77300221331,55876.962986647086
93,School_93,5,District_5,2003,,none,65.78551841254396,58126.77300221331,55876.962986647086
93,School_93,5,District_5,2004,,none,68.16458291191718,58126.77300221331,55876.962986647086
93,School_93,5,District_5,2005,,none,64.4396492479685,58126.77300221331,55876.962986647086
93,School_93,5,District_5,2006,,none,69.16029203126983,58126.77300221331,55876.962986647086
93,School_93,5,District_5,2007,1180656000000000000,math,68.65526173759918,58126.77300221331,55876.962986647086
93,School_93,5,District_5,2008,,none,62.944180858089595,58126.77300221331,55876.962986647086
93,School_93,5,District_5,2009,,none,65.67946917655532,58126.77300221331,55876.962986647086
93,School_93,5,District_5,2010,,none,65.45260259897235,58126.77300221331,55876.962986647086
93,School_93,5,District_5,2011,,none,65.6643910211807,58126.77300221331,55876.962986647086
93,School_93,5,District_5,2012,,none,66.79983502444874,58126.77300221331,55876.962986647086
93,School_93,5,District_5,2013,,none,68.53222371525732,58126.77300221331,55876.962986647086
93,School_93,5,District_5,2014,,none,65.9531271656865,58126.77300221331,55876.962986647086
93,School_93,5,District_5,2015,,none,64.95330385384297,58126.77300221331,55876.962986647086
93,School_93,5,District_5,2016,,none,64.08344536891317,58126.77300221331,55876.962986647086
93,School_93,5,District_5,2017,,none,65.40017341086268,58126.77300221331,55876.962986647086
93,School_93,5,District_5,2018,,none,62.560889314980066,58126.77300221331,55876.962986647086
93,School_93,5,District_5,2019,,none,64.88627280644805,58126.77300221331,55876.962986647086
94,School_94,3,District_3,2000,,none,69.59672322190369,65181.50830480554,73142.47332595274
94,School_94,3,District_3,2001,,none,65.46189702102247,65181.50830480554,73142.47332595274
94,School_94,3,District_3,2002,,none,68.36604715177992,65181.50830480554,73142.47332595274
94,School_94,3,District_3,2003,,none,64.65565125056233,65181.50830480554,73142.47332595274
94,School_94,3,District_3,2004,,none,70.65080722880042,65181.50830480554,73142.47332595274
94,School_94,3,District_3,2005,,none,70.78382889630873,65181.50830480554,73142.47332595274
94,School_94,3,District_3,2006,,none,68.29065854329906,65181.50830480554,73142.47332595274
94,School_94,3,District_3,2007,,none,71.09112063346636,65181.50830480554,73142.47332595274
94,School_94,3,District_3,2008,,none,67.82020138003463,65181.50830480554,73142.47332595274
94,School_94,3,District_3,2009,,none,68.64564965847842,65181.50830480554,73142.47332595274
94,School_94,3,District_3,2010,,none,69.63248318364238,65181.50830480554,73142.47332595274
94,School_94,3,District_3,2011,1306886400000000000,math,70.1650967983919,65181.50830480554,73142.47332595274
94,School_94,3,District_3,2012,,none,64.0038605070092,65181.50830480554,73142.47332595274
94,School_94,3,District_3,2013,,none,68.68654214064811,65181.50830480554,73142.47332595274
94,School_94,3,District_3,2014,,none,66.16489624131239,65181.50830480554,73142.47332595274
94,School_94,3,District_3,2015,,none,66.31355578826839,65181.50830480554,73142.47332595274
94,School_94,3,District_3,2016,,none,67.70440526313669,65181.50830480554,73142.47332595274
94,School_94,3,District_3,2017,,none,68.24117718961405,65181.50830480554,73142.47332595274
94,School_94,3,District_3,2018,,none,67.40888469819176,65181.50830480554,73142.47332595274
94,School_94,3,District_3,2019,,none,68.38007450249393,65181.50830480554,73142.47332595274
95,School_95,12,District_12,2000,,none,67.90769882028846,56274.16197143795,58490.06422577697
95,School_95,12,District_12,2001,,none,69.23600549896229,56274.16197143795,58490.06422577697
95,School_95,12,District_12,2002,,none,71.01958398931059,56274.16197143795,58490.06422577697
95,School_95,12,District_12,2003,,none,72.86699544128228,56274.16197143795,58490.06422577697
95,School_95,12,District_12,2004,,none,73.57428426635526,56274.16197143795,58490.06422577697
95,School_95,12,District_12,2005,,none,70.18736645386431,56274.16197143795,58490.06422577697
95,School_95,12,District_12,2006,,none,71.00143274190006,56274.16197143795,58490.06422577697
95,School_95,12,District_12,2007,,none,73.28457141803923,56274.16197143795,58490.06422577697
95,School_95,12,District_12,2008,,none,67.97974101494185,56274.16197143795,58490.06422577697
95,School_95,12,District_12,2009,,none,70.58081279383401,56274.16197143795,58490.06422577697
95,School_95,12,District_12,2010,,none,70.85809898738114,56274.16197143795,58490.06422577697
95,School_95,12,District_12,2011,,none,72.21713596056233,56274.16197143795,58490.06422577697
95,School_95,12,District_12,2012,,none,67.0471303273364,56274.16197143795,58490.06422577697
95,School_95,12,District_12,2013,1370044800000000000,math,71.02265476925595,56274.16197143795,58490.06422577697
95,School_95,12,District_12,2014,,none,69.36417751061826,56274.16197143795,58490.06422577697
95,School_95,12,District_12,2015,,none,70.07686841305211,56274.16197143795,58490.06422577697
95,School_95,12,District_12,2016,,none,71.56714099587646,56274.16197143795,58490.06422577697
95,School_95,12,District_12,2017,,none,70.35650064003339,56274.16197143795,58490.06422577697
95,School_95,12,District_12,2018,,none,69.01858662818827,56274.16197143795,58490.06422577697
95,School_95,12,District_12,2019,,none,70.15433597792112,56274.16197143795,58490.06422577697
96,School_96,8,District_8,2000,,none,66.63456386418584,66139.47783322327,70675.28204687923
96,School_96,8,District_8,2001,,none,69.52250777161251,66139.47783322327,70675.28204687923
96,School_96,8,District_8,2002,,none,66.363792798774,66139.47783322327,70675.28204687923
96,School_96,8,District_8,2003,,none,65.26630808453181,66139.47783322327,70675.28204687923
96,School_96,8,District_8,2004,,none,66.93169297178059,66139.47783322327,70675.28204687923
96,School_96,8,District_8,2005,,none,66.429445550314,66139.47783322327,70675.28204687923
96,School_96,8,District_8,2006,,none,62.89048820028759,66139.47783322327,70675.28204687923
96,School_96,8,District_8,2007,1180656000000000000,math,70.01224724594368,66139.47783322327,70675.28204687923
96,School_96,8,District_8,2008,,none,65.83099842082493,66139.47783322327,70675.28204687923
96,School_96,8,District_8,2009,,none,64.9447311800783,66139.47783322327,70675.28204687923
96,School_96,8,District_8,2010,,none,68.10364148688288,66139.47783322327,70675.28204687923
96,School_96,8,District_8,2011,,none,64.46111571841294,66139.47783322327,70675.28204687923
96,School_96,8,District_8,2012,,none,66.94371215068601,66139.47783322327,70675.28204687923
96,School_96,8,District_8,2013,,none,65.73676091194947,66139.47783322327,70675.28204687923
96,School_96,8,District_8,2014,,none,66.2478649229305,66139.47783322327,70675.28204687923
96,School_96,8,District_8,2015,,none,66.85604749372867,66139.47783322327,70675.28204687923
96,School_96,8,District_8,2016,,none,63.417326143854936,66139.47783322327,70675.28204687923
96,School_96,8,District_8,2017,,none,66.41579669510651,66139.47783322327,70675.28204687923
96,School_96,8,District_8,2018,,none,70.61036989106336,66139.47783322327,70675.28204687923
96,School_96,8,District_8,2019,,none,62.91894821987949,66139.47783322327,70675.28204687923
97,School_97,6,District_6,2000,,none,68.04253412713551,58126.904344406554,84656.48768921554
97,School_97,6,District_6,2001,,none,70.40422870421416,58126.904344406554,84656.48768921554
97,School_97,6,District_6,2002,,none,68.76098855047371,58126.904344406554,84656.48768921554
97,School_97,6,District_6,2003,,none,69.53368395879859,58126.904344406554,84656.48768921554
97,School_97,6,District_6,2004,,none,63.40641803238129,58126.904344406554,84656.48768921554
97,School_97,6,District_6,2005,,none,69.35424880382642,58126.904344406554,84656.48768921554
97,School_97,6,District_6,2006,,none,66.63437364209932,58126.904344406554,84656.48768921554
97,School_97,6,District_6,2007,1180656000000000000,math,70.28835450697122,58126.904344406554,84656.48768921554
97,School_97,6,District_6,2008,,none,68.09888059274753,58126.904344406554,84656.48768921554
97,School_97,6,District_6,2009,,none,72.71441611288978,58126.904344406554,84656.48768921554
97,School_97,6,District_6,2010,,none,69.25114070209827,58126.904344406554,84656.48768921554
97,School_97,6,District_6,2011,,none,67.93250239604095,58126.904344406554,84656.48768921554
97,School_97,6,District_6,2012,,none,65.13836453605941,58126.904344406554,84656.48768921554
97,School_97,6,District_6,2013,,none,68.40004385826632,58126.904344406554,84656.48768921554
97,School_97,6,District_6,2014,,none,69.80420781126017,58126.904344406554,84656.48768921554
97,School_97,6,District_6,2015,,none,67.99664627092807,58126.904344406554,84656.48768921554
97,School_97,6,District_6,2016,,none,67.14643733469164,58126.904344406554,84656.48768921554
97,School_97,6,District_6,2017,,none,67.01257672687389,58126.904344406554,84656.48768921554
97,School_97,6,District_6,2018,,none,69.22803292547717,58126.904344406554,84656.48768921554
97,School_97,6,District_6,2019,,none,69.67652593318483,58126.904344406554,84656.48768921554
98,School_98,11,District_11,2000,,none,73.50842950612763,56292.6584575003,71109.22589709866
98,School_98,11,District_11,2001,,none,68.79600948906467,56292.6584575003,71109.22589709866
98,School_98,11,District_11,2002,,none,71.83796439232061,56292.6584575003,71109.22589709866
98,School_98,11,District_11,2003,,none,70.54260136664965,56292.6584575003,71109.22589709866
98,School_98,11,District_11,2004,,none,70.60154086621883,56292.6584575003,71109.22589709866
98,School_98,11,District_11,2005,,none,71.58966098355339,56292.6584575003,71109.22589709866
98,School_98,11,District_11,2006,,none,71.60132178273528,56292.6584575003,71109.22589709866
98,School_98,11,District_11,2007,,none,71.84354548706852,56292.6584575003,71109.22589709866
98,School_98,11,District_11,2008,,none,68.67106689109376,56292.6584575003,71109.22589709866
98,School_98,11,District_11,2009,,none,69.28638646115246,56292.6584575003,71109.22589709866
98,School_98,11,District_11,2010,,none,73.75774582652075,56292.6584575003,71109.22589709866
98,School_98,11,District_11,2011,,none,70.3448643405237,56292.6584575003,71109.22589709866
98,School_98,11,District_11,2012,,none,71.39803807152117,56292.6584575003,71109.22589709866
98,School_98,11,District_11,2013,,none,72.89534189957176,56292.6584575003,71109.22589709866
98,School_98,11,District_11,2014,,none,71.71289542020702,56292.6584575003,71109.22589709866
98,School_98,11,District_11,2015,,none,71.87905453742947,56292.6584575003,71109.22589709866
98,School_98,11,District_11,2016,,none,72.5751646339729,56292.6584575003,71109.22589709866
98,School_98,11,District_11,2017,,none,66.55268175369139,56292.6584575003,71109.22589709866
98,School_98,11,District_11,2018,,none,69.80610896516431,56292.6584575003,71109.22589709866
98,School_98,11,District_11,2019,,none,71.72322086848456,56292.6584575003,71109.22589709866
99,School_99,3,District_3,2000,,none,72.19792156449665,65181.50830480554,73142.47332595274
99,School_99,3,District_3,2001,,none,69.55482406969288,65181.50830480554,73142.47332595274
99,School_99,3,District_3,2002,,none,67.73320002686916,65181.50830480554,73142.47332595274
99,School_99,3,District_3,2003,,none,67.78646085116034,65181.50830480554,73142.47332595274
99,School_99,3,District_3,2004,,none,71.19035535728749,65181.50830480554,73142.47332595274
99,School_99,3,District_3,2005,,none,68.98708578559757,65181.50830480554,73142.47332595274
99,School_99,3,District_3,2006,,none,69.40823285880067,65181.50830480554,73142.47332595274
99,School_99,3,District_3,2007,,none,70.65269333792598,65181.50830480554,73142.47332595274
99,School_99,3,District_3,2008,,none,63.619585584994184,65181.50830480554,73142.47332595274
99,School_99,3,District_3,2009,,none,73.4233679733975,65181.50830480554,73142.47332595274
99,School_99,3,District_3,2010,,none,67.96048528027922,65181.50830480554,73142.47332595274
99,School_99,3,District_3,2011,1306886400000000000,math,73.92142467178364,65181.50830480554,73142.47332595274
99,School_99,3,District_3,2012,,none,66.0132389233888,65181.50830480554,73142.47332595274
99,School_99,3,District_3,2013,,none,68.57755072957127,65181.50830480554,73142.47332595274
99,School_99,3,District_3,2014,,none,71.91200904311154,65181.50830480554,73142.47332595274
99,School_99,3,District_3,2015,,none,65.59029859104959,65181.50830480554,73142.47332595274
99,School_99,3,District_3,2016,,none,71.67503312475962,65181.50830480554,73142.47332595274
99,School_99,3,District_3,2017,,none,68.87524075791657,65181.50830480554,73142.47332595274
99,School_99,3,District_3,2018,,none,70.39696183082172,65181.50830480554,73142.47332595274
99,School_99,3,District_3,2019,,none,70.73768177735157,65181.50830480554,73142.47332595274
100,School_100,1,District_1,2000,,none,75.0413858838611,63973.713224089865,64377.12470759027
100,School_100,1,District_1,2001,,none,72.42864158161758,63973.713224089865,64377.12470759027
100,School_100,1,District_1,2002,,none,73.42944459180919,63973.713224089865,64377.12470759027
100,School_100,1,District_1,2003,,none,71.23543053037761,63973.713224089865,64377.12470759027
100,School_100,1,District_1,2004,,none,75.14213554805539,63973.713224089865,64377.12470759027
100,School_100,1,District_1,2005,,none,77.56265319291109,63973.713224089865,64377.12470759027
100,School_100,1,District_1,2006,,none,70.50966111152631,63973.713224089865,64377.12470759027
100,School_100,1,District_1,2007,,none,72.63525107260317,63973.713224089865,64377.12470759027
100,School_100,1,District_1,2008,1212278400000000000,math,76.80147181733409,63973.713224089865,64377.12470759027
100,School_100,1,District_1,2009,,none,74.50522573230634,63973.713224089865,64377.12470759027
100,School_100,1,District_1,2010,,none,75.91689548774809,63973.713224089865,64377.12470759027
100,School_100,1,District_1,2011,,none,73.85414292416391,63973.713224089865,64377.12470759027
100,School_100,1,District_1,2012,,none,73.52662543198794,63973.713224089865,64377.12470759027
100,School_100,1,District_1,2013,,none,76.36480429701872,63973.713224089865,64377.12470759027
100,School_100,1,District_1,2014,,none,75.48253401900585,63973.713224089865,64377.12470759027
100,School_100,1,District_1,2015,,none,75.23649883628144,63973.713224089865,64377.12470759027
100,School_100,1,District_1,2016,,none,74.38357430805547,63973.713224089865,64377.12470759027
100,School_100,1,District_1,2017,,none,76.12484730671896,63973.713224089865,64377.12470759027
100,School_100,1,District_1,2018,,none,72.8459241024187,63973.713224089865,64377.12470759027
100,School_100,1,District_1,2019,,none,72.57315432050709,63973.713224089865,64377.12470759027
101,School_101,2,District_2,2020,2020-05-14,math,72.531,68200.0,
101,School_101,2,District_2,2021,,science,,68350.0,66125.0
102,School_102,5,,2020,2020-06-01,none,75.243,70110.0,
102,School_102,5,District_5,2021,2020-06-10,,73.167,,
